ID,Content,WeiboID,DateID,DateID-Day,NickName,UserID
1,"英格拉姆谈四连败：
在这样的失败后，我们都是从长远来看，我们知道我们可以继续变得更好。我们知道我们有队友不能打。但你看看更衣室的这些人，我们有很多的天赋球员。#NBA吐槽大会##nba新赛季2019# ​",4432700402091425	,2019-10-29-11,2019-10-29,英格拉姆那些事儿,5880933875	
2,"九州体育： 
. 
. 
. 
. 
. 
. 
http://t.cn/AiROWFK7的http://t.cn/Ai16yg6W 
依依说道，“指导老师你发现没有五大联赛实在是太赞了，这让叶落心情很不买球[可怜]app[害羞][哆啦A梦花心][草泥马] ​",4432700352142139	,2019-10-29-11,2019-10-29,小蒙蒙LJ,2661935231	
3,"#勇士赛季首胜#赢球后的库里蹦蹦跳跳地就回更衣室了！
小学生的快乐就这么简单！#nba吐槽大会#  via@库里吧微博 http://t.cn/Ai1WapN0 ​​​",4432700309724992	,2019-10-29-11,2019-10-29,CURRY库里图汇,6805356962	
4,发布了头条文章：《周最佳球员公布，两人当选未来可期，心疼欧文成周空砍第一人》 #NBA# #篮球# #体育# #NBA吐槽大会# #nba周最佳#  http://t.cn/Ai1lvM9d ​,4432700276431555	,2019-10-29-11,2019-10-29,篮球神经线,3498536875	
5,"屁股没捂热乎呢？就一天时间，西部榜首被马刺夺去了[允悲][允悲]
#nba新赛季2019# ​",4432700154375818	,2019-10-29-11,2019-10-29,头号糖黑,6006579048	
6,洛杉矶大火导致NBA球星勒布朗和家人都被列入必须撤离的名单中#洛杉矶大火# ​,4432700083548342	,2019-10-29-11,2019-10-29,上工的视角,5887918107	
7,短短幾個月勇士的首發我都不認識了，什麼叫物是人非啊。。。#NBA# ​,4432700083452014	,2019-10-29-11,2019-10-29,不會游泳不改網名,5349897829	
8,#火箭VS雷霆##休斯顿火箭##OneMission##NBA# 保罗赛后谈威少：“我经常和威少进行交谈，告诉他拥有一支非常优秀的团队，威少会给他们带来了优势，我仍然每天和塔克以及克拉克交谈，我希望我不会让他们遇到麻烦。” ​​​,4432700008125900	,2019-10-29-11,2019-10-29,HoustonRockets中文网,6229521600	
9,#新浪看点# NBA开拓者队121-119绝杀小牛队http://t.cn/Ai1WsgKt ​,4432699995511214	,2019-10-29-11,2019-10-29,痞子厂长斯诺克,3217697213	
10,#NBA零距离# 【乌布雷飞扣戈贝尔】乌布雷借贝恩斯掩护寻找战机，看准时机加速冲进内线，在戈贝尔头上完成劲爆扣篮！#爵士vs太阳#  http://t.cn/Ai1WsRNw ​,4432699894666202	,2019-10-29-11,2019-10-29,NBA,1883881851	
11,#nba吐槽大会#汤神对比巅峰的雷阿伦谁更强？球迷评论竟一边倒 http://t.cn/Ai1WsCI6 ​,4432699764508740	,2019-10-29-11,2019-10-29,小嘴说体坛,6179910516	
12,库克&霍华德的万圣节装扮：蜘蛛侠&灭霸 ​#NBA吐槽大会# ​,4432699671974216	,2019-10-29-11,2019-10-29,篮球伪球迷,5309300303	
13,"恩比德罚球准绝杀，76人105-103战胜老鹰队！

#76人# 方面：大帝今天出征了：#恩比德# 全场贡献出36分13篮板5助攻3抢断1盖帽。

此外，#西蒙斯# 13分6篮板6助攻

#亚特兰大老鹰# 方面：#特雷-杨# 空砍25分#NBA# #nba吐槽大会# #篮球# ​",4432699500044566	,2019-10-29-11,2019-10-29,篮球ing进行时,1775615335	
14,#威少准三双#威少行进间接戈登传球爆扣得手，身体素质真的太好了！#火箭VS雷霆# http://t.cn/Ai1WsZzQ ​,4432699479283633	,2019-10-29-11,2019-10-29,休斯顿火箭情结,2092071981	
15,#NBA周最佳#联盟公布常规赛首周场均数据榜，特雷-杨以场均38.5分占据榜首，浓眉、布罗格登、庄神和西蒙斯分别在场均封盖、场均助攻、场均篮板和场均抢断榜单上处于领先。​​​​,4432699471061876	,2019-10-29-11,2019-10-29,NBA,1883881851	
16,#火箭战胜雷霆#这一天，人们又想起了被NBA和跪🏀支配的恐惧。天凉记得保护膝盖。 ​,4432699462457161	,2019-10-29-11,2019-10-29,九曲路遥,5237403527	
17,#火箭战胜雷霆#果然外网说的对，中国fw离不开NBA[喵喵][喵喵][喵喵] ​,4432699261582939	,2019-10-29-11,2019-10-29,22年拿下CPA的不落,1775762201	
18,"#NBA吐槽大会##范乔丹晃倒富尔茨#
说实话，这么打篮球的女生真的很少，但你一对一单挑还不一定能赢[doge] http://t.cn/Ai1WFYJ9 ​",4432699219036606	,2019-10-29-11,2019-10-29,天下篮球快报,6041830417	
19,"#休斯顿火箭# #NBA[超话]# 
【赛后采访】威斯布鲁克 🎤 
“当我走上球场，只有斯伯丁和队友是我的朋友。亚当斯跟我是非常亲密的朋友，他明白这个道理，我们的友谊永不会变。我对待每一场比赛都一样，做到我能做到的最好。第三节我们付出了应该的努力和能量，扳回一局。为球队注入能量也是我的责任之 ​",4432699211133924	,2019-10-29-11,2019-10-29,休斯顿火箭,3802896629	
20,2017—2018年度最搞笑的NBA大块头们！  http://t.cn/Ai1WFlzH ​,4432699194065972	,2019-10-29-11,2019-10-29,BdotAdot5,5216373544	
21,#NBA# 个人更喜欢紫色#詹姆斯# ​,4432699135178891	,2019-10-29-11,2019-10-29,Vlog聪哥,3919787423	
22,"库里接受采访：“每个人都喜欢在你状态不好，失败时给你贴上标签。这很容易。很容易在电视上说出自己想说的，随便什么。很容易将飞镖扔给还在试图弄清楚是什么原因的球队。  你们可以随便说什么去填满24小时的新闻周期。这对我们来说无所谓。”

#NBA##库里超远三分##勇士赛季首胜##金州勇士# ​",4432698837347271	,2019-10-29-11,2019-10-29,汤普森中文网KLAY,5446382032	
23,#洛杉矶湖人# #NBA吐槽大会# 灭霸&小蜘蛛 ​,4432698795563186	,2019-10-29-11,2019-10-29,湖人球迷俱乐部,6228298522	
24,#旋猫今日集锦##NBA球员集锦##NBA吐槽大会#【20191029哈登40分3板7助1断1帽4失误，21中8，22罚21中】哈登开赛至今第一场效率正常的比赛，失误控制得也比上周体面多了。在他有效命中率仅33.3%的情况下，三场比赛累计48中46的造罚球表现救了命了。  http://t.cn/Ai1Wks3E ​,4432698791646685	,2019-10-29-11,2019-10-29,旋猫,1665176985	
25,#NBA新赛季2019##NBA最佳控球# 【最佳控球：欧文】花式杂耍！欧文背后运球过掉莫兰特，面对瓦兰一个漂亮的“拜佛”晃过对手上篮得分！http://t.cn/Ai1UqB0U可以免费看NBA http://t.cn/Ai1NquEw ​,4432698665705150	,2019-10-29-11,2019-10-29,亜博电竞直播体育竞猜APP,2101677724	
26,"#拉塞尔##德安吉洛拉塞尔# 
【今日集锦】D'Angleo Russell
34分钟24分7板8助
投篮21中9 三分11中3 罚球6中3
#nba吐槽大会# http://t.cn/Ai1WkYfP ​",4432698577384453	,2019-10-29-11,2019-10-29,等你进名人堂,6296662921	
27,#NBA周最佳#常规赛首周数据榜出炉！欧文位居总得分第一，詹姆斯、戴维斯、庄神分别位居总助攻、总封盖、总篮板首位，唐斯、塔图姆和佩顿则并列总抢断榜首！​​​​,4432698560569991	,2019-10-29-11,2019-10-29,NBA,1883881851	
28,"为什么NBA出事以后，在大家强烈的反对声下还是复播了，复播也就算了，还天天上热搜[费解]频率比以前还高，想吸引我们回去看呗？
抱歉，我现在一点都不想看NBA了[微笑]
#NBA##勇士赛季首胜# ​",4432698485816754	,2019-10-29-11,2019-10-29,老汪儿,5726762129	
29,"洛杉矶大火詹姆斯带家人撤离～遭到了美国键盘侠的冷嘲热讽[拜拜] 
喊话詹姆斯可以向我们中国大使馆求救！
其实如果你们求救的话我们中国大使馆还会顺带稍上你们的
必进大国还是有大量的不跟“小人”一般见识 ​​​[赞][赞][赞]
#nba吐槽大会##NBA新赛季2019# ​",4432698468292552	,2019-10-29-11,2019-10-29,Lovebet爱博篮球,5210047848	
30,#NBA零距离# 【双方互送大帽】普拉姆利封盖巴恩斯上篮，霍姆斯大帽蒙塔-莫里斯还以颜色。#掘金vs国王#  http://t.cn/Ai1WkaTL ​,4432698452434796	,2019-10-29-11,2019-10-29,NBA,1883881851	
31,"nba 29日菲尼克斯太阳 - 犹他爵士 第三节比分相差接近，看好了太阳主场，别让我担心
nba现场直播。
#nba比赛日# ​",4432698418560005	,2019-10-29-11,2019-10-29,霸气C罗姐,5221559506	
32,首页七个热搜五个NBA的 [费解][费解][费解] ​,4432698372009407	,2019-10-29-11,2019-10-29,今天你看少儿频道了吗,5586581703	
33,#勇士赛季首胜#接近一小时的超长篇中字纪录片[威武]回顾@金州勇士 2017年的夺冠之路🏆#NBA吐槽大会#http://t.cn/EKDeeim ​,4432698111843168	,2019-10-29-11,2019-10-29,微观篮球,5635855696	
34,@腾讯NBA 腾讯你飘了[微笑] ​,4432698078774552	,2019-10-29-11,2019-10-29,科技向阳,2628195645	
35,伦纳德，真香！[doge][doge][doge]  #伦纳德# #NBA吐槽大会#  http://t.cn/Ai1WDmat ​,4432698032206648	,2019-10-29-11,2019-10-29,NBA吐槽帝,2525046727	
36,发布了头条文章：《NBA东西部最新排名！森林狼三连胜霸榜，篮网遭绝杀，勇士惨败》  http://t.cn/Ai1WDnMT ​,4432698024128960	,2019-10-29-11,2019-10-29,吃货小黄鸭仔,2720794751	
37,"#NBA吐槽大会##萨克拉门托国王# 
第三节结束 掘金77-70国王
霍姆斯19分7板 福克斯15分2板5助 别利察9分2板3助 巴恩斯8分6板Bogi 6分5板6助 阿里扎9分5板2助

我王第三节又崩了[允悲][允悲][允悲] 
首胜怎么这么难啊 ​",4432698011170969	,2019-10-29-11,2019-10-29,MB3巴格利资讯,6439345041	
38,"今年都没有看我库，没有看NBA，终于赢了一场，Curry应该很累吧，应该也很开心叭。Curry最厉害，不接受反驳。
我真的很喜欢很喜欢他呢。
他真的真的很厉害呢。 ​",4432697935733765	,2019-10-29-11,2019-10-29,小安安安安an,5428979519	
39,xs 【某些】国人真的是嘴上功夫了得 嚷嚷抵制NBA抵制的结果就是热搜榜上数个关于NBA比赛的热搜。 ​,4432697793845434	,2019-10-29-11,2019-10-29,Snnmmk,6275127332	
40,"勇士终于赢球了，134-123战胜鹈鹕

#库里# 在31分钟的出场时间里砍下26分11助攻3抢断，不仅只出现了1次失误，命中率也重新回到生涯平均线。

此外，拉塞尔24分7篮板8助攻，格林16分17篮板10助攻

在没有杜兰特和汤普森的情况下，库里依然能带领球队赢得胜利。#金州勇士# #NBA# #篮球# #nba吐槽大会# ​",4432697667336998	,2019-10-29-11,2019-10-29,篮球ing进行时,1775615335	
41,保罗式小打大 http://t.cn/Ai1WDzGY ​,4432697566915902	,2019-10-29-11,2019-10-29,俄克拉荷马城雷霆球迷俱乐部,6228298461	
42,最好的扣篮和后仰！NBA2019—2020赛季第一部分  http://t.cn/Ai1WeFoO ​,4432697507783113	,2019-10-29-11,2019-10-29,BdotAdot5,5216373544	
43,"NBA官方公布了本赛季常规赛第一周东西部最佳球员。

老鹰球星特雷-杨和森林狼球星唐斯分别当选了东西部最佳球员。

特雷-杨上周带领老鹰取得了2胜0负的战绩，场均36.5分钟贡献了38.5分7.0篮板9.0助攻1.5抢断，命中率58.7%，三分命中率55%。

唐斯上周带领森林狼取得了3胜0负的战绩，场均33.7分钟贡献了 ​",4432697457569886	,2019-10-29-11,2019-10-29,篮球经典,2114103762	
44,半场结束，夏洛特黄蜂队54:57洛杉矶快船队。小格的进步非常明显，组织球队进攻做得非常好，投射也更加稳定。罗奇尔在贝弗利的防守下找不到出手空间甚至运球都艰难，贝弗利的牛皮糖防守还是厉害，德韦恩培根是另一名今天表现糟糕的球员，突破太耿直容易被限制突分也想得太简单。泽勒再次投进三分，篮板 ​,4432697420443495	,2019-10-29-11,2019-10-29,黄蜂球迷俱乐部,6228298576	
45,黄蜂和快船的比赛正在进行中！快船队沙梅特上半场8投6中，其中三分球6投4中拿下16分，伦纳德拿下15分3篮板5助攻，目前快船以57比54领先黄蜂！谁能拿下比赛呢？#NBA比赛日# ​,4432697256236509	,2019-10-29-11,2019-10-29,虎扑篮球,1642292081	
46,啥是羞辱，老师也没教啊，哪位知道？《真不把中国球迷当回事！NBA最新动态，对我们就是巨大的羞辱》自从莫雷发布不当言论后，NBA与中国的关系就变的严峻起来，本来这件事情只是莫雷一个人的错误行为，但是在事情发生后，火箭队以及NBA总裁肖华都公开支持莫雷，这让整个事态升级到NBA的问题，而NBA也为 ​,4432697126545846	,2019-10-29-11,2019-10-29,femuch,6415595880	
47,#火箭战胜雷霆#我真的笑了，那段时间你都在吼不看nba，禁nba吗，现在诶，都在发nba实况，我就想说打不打脸？[拜拜] ​,4432697055754395	,2019-10-29-11,2019-10-29,Hi_feng90,3658143994	
48,#NBA老照片[超话]#三位的火热状态能延续多久呢？！ ​,4432697000614056	,2019-10-29-11,2019-10-29,老崔老车老照片,5299990885	
49,"UED体育： 
. 
. 
. 
. 
. 
. 
http://t.cn/AiYVKGE6的http://t.cn/Ai164NrS 
时光。”叶落在说这段话的时候，五大联赛 还重要。”“比姐妹还重要，那就买球[兔子]app[偷笑][白眼][坏笑] 
西甲 德甲 意甲 法甲 皇马 梅西 篮球比赛 足球比赛 篮球竞技 足球竞技 #利物浦 巴萨 曼城 曼联 尤文图斯# ​",4432696908348516	,2019-10-29-11,2019-10-29,只为你好54,5629741908	
50,"#库里##斯蒂芬库里# 
【今日集锦】Stephen Curry
31分钟26分3板11助3断
投篮17中9 三分10中4 罚球4中4
#nba吐槽大会# http://t.cn/Ai1Wge9u ​",4432696849342948	,2019-10-29-11,2019-10-29,等你进名人堂,6296662921	
51,富尔茨今日集锦来啦！上场27分钟11投6中得到13分2板5助攻，今天又命中一记三分球[嘻嘻]虽然被范乔丹脚踝终结，不过随后富儿子用强硬上篮顶开范乔丹找回些颜面[嘻嘻]连续三场比赛得分上双，儿子继续加油[耶]#富尔茨##NBA吐槽大会# via@马蒂斯赛布尔中文网 http://t.cn/Ai1WggED ​,4432696845129133	,2019-10-29-11,2019-10-29,马克尔-富尔茨中文网,5864149934	
52,#NBA老照片[超话]#历史不能假设，但还是忍不住假设……如果一开始詹姆斯就和鲨鱼在一个队，他们能拿几个冠军呢？！ ​,4432696836723215	,2019-10-29-11,2019-10-29,老崔老车老照片,5299990885	
53,#NBA##NBA# 收米总归那么简单#马刺##开拓者##勇士##火箭##雄鹿# ​,4432696728142195	,2019-10-29-11,2019-10-29,老将樱木花道,5151318552	
54,#NBA零距离# 【米切尔转身上篮 】米切尔接球不犹豫，流畅转身抹进篮下打板进账2分！#爵士vs太阳##乐鱼体育#   http://t.cn/Ai1WgMuA ​​​,4432696622755296	,2019-10-29-11,2019-10-29,乐鱼体育,6348656573	
55,追梦赛后接受了采访：“我们队伍里有很多年轻人，你必须带领他们前进， 前几场比赛里，我以一个错误的方式在带领他们前进。”#NBA吐槽大会##勇士赛季首胜# ​,4432696522081786	,2019-10-29-11,2019-10-29,勇士动态,3200272271	
56,#NBA零距离# 【米切尔转身上篮 】米切尔接球不犹豫，流畅转身抹进篮下打板进账2分！#爵士vs太阳#  http://t.cn/Ai1WgMuA ​,4432696379919673	,2019-10-29-11,2019-10-29,NBA,1883881851	
57,这是这周的NBA球队官方实力排名，第六名是支新球队 ​,4432696346273323	,2019-10-29-11,2019-10-29,兽爷,1052404565	
58,#NBA零距离#【双方互送2+1】伦纳德突破后裤兜传球助攻祖巴茨打成2+1，随后黄蜂这边PJ-华盛顿接格拉汉姆助攻2+1还以颜色！ #黄蜂vs快船#  http://t.cn/Ai1Wgton ​,4432696312629758	,2019-10-29-11,2019-10-29,NBA,1883881851	
59,熟悉库里回来了？骚助攻，logo shot，统统安排上，这样的表现，勇士能走到哪里?#nba吐槽大会# #勇士赛季首胜#  http://t.cn/Ai1WgbE2 ​,4432696279230943	,2019-10-29-11,2019-10-29,指媒-更衣室观察员,6327283746	
60,21分12板9助，正负值+19！这是威少今天交出的成绩单，虽然开局5中0，但是随后他及时调整帮助球队在落后两位数的情况下完成逆转！威少，刚刚的#NBA吐槽大会#  http://t.cn/Ai1Wg48s ​,4432696266301662	,2019-10-29-11,2019-10-29,飞翔的篮球号,2621523627	
61,🎬 水拉24分7板8助攻集锦🔥 🔥 🔥 #NBA吐槽大会##勇士赛季首胜# http://t.cn/Ai1Wdu8R ​,4432696031555583	,2019-10-29-11,2019-10-29,勇士动态,3200272271	
62,"【罗斯赛后采访：我们必须打好主场比赛】
-这是场艰难的胜利，我们需要用心对待比赛
-今晚我打的很糟糕(terrible night)
-但我给队友鼓励，给队友能量，队友也反馈于我，使我能命中关键一球！
#Go DRose##底特律活塞##nba吐槽大会#  http://t.cn/Ai1WdQ5H ​",4432695969012006	,2019-10-29-11,2019-10-29,Micro篮球显微镜,7261074822	
63,"#NBA老照片[超话]#【全明星怀旧】
1991年全明星赛在夏洛特举行，东部以116-114险胜西部。乔丹以121749票当选票王，巴克利出战35分钟，15投7中，罚球6罚3中，拿下17分。另有22篮板，4助攻，1盖帽、抢断进账。乔丹则交出26分，5篮板，5助攻2抢断的数据 ​",4432695968771454	,2019-10-29-11,2019-10-29,老崔老车老照片,5299990885	
64,"#火箭VS雷霆# #休斯顿火箭# #NBA# #休斯顿火箭[超话]# 
【10.29火箭VS雷霆 哈登40分全场集锦】  http://t.cn/Ai1Wd0Jg ​",4432695889541427	,2019-10-29-11,2019-10-29,HoustonRockets中文网,6229521600	
65,10月29日讯 NBA常规赛，猛龙今日坐镇主场迎战魔术，客队上场比赛不敌老鹰遭遇赛季首败，而主队上场比赛则大胜公牛，球队主控洛瑞也迎来猛龙生涯的第500场常规赛。比赛上来，坐拥主场之利的猛龙迅速进入状态，一波小高潮将分差拉大到两位数，次节双方一度陷入长达五分钟的运动战进球荒，魔术趁乱连续利 ​,4432695775516065	,2019-10-29-11,2019-10-29,篮球集,5675204225	
66,发表了博文《10月29日NBA常规赛勇士vs鹈鹕全场录像回放》NBA直播10月28日讯鹈鹕坐镇主场迎战背靠背的勇士，此役勇士在库里和格林的得分和助攻串联下，全队多点开花，上半场即以72-55建立起大比http://t.cn/Ai1WdIR2 ​,4432695746343744	,2019-10-29-11,2019-10-29,NOWqiu直播,6570825999	
67,10月29日讯 NBA常规赛继续进行，开拓者今日前往客场挑战马刺，主队开赛至今取得两连胜，伤愈复出的穆雷新赛季表现不俗，而客队在揭幕战输球后同样迎来两连胜，其中包括昨天险胜独行侠，此役背靠背作战。比赛上来开拓者外线手感火热，连续射进五记三分迅速将分差拉大到两位数，次节马刺发起反扑缩小分差 ​,4432695579063113	,2019-10-29-11,2019-10-29,篮球集,5675204225	
68,#nba##nba吐槽大会##休斯顿火箭##威少##火箭VS雷霆# 威少赛后和雷霆球员，教练相互拥抱致意！[心][心][心] http://t.cn/Ai1Wd7Zc ​,4432695553410738	,2019-10-29-11,2019-10-29,诸葛村夫1816,3187422204	
69,害 说什么国男配不上国女 我觉得看NBA的和少年的你就可以凑一对神仙眷侣 ​,4432695512037685	,2019-10-29-11,2019-10-29,Cheelapsed,5020717436	
70,魔兽变身灭霸[哈哈][哈哈]不过感觉最后一张网友给出的P图更精髓啊[偷笑][偷笑]#图说NBA# ​,4432695406741704	,2019-10-29-11,2019-10-29,新浪NBA,1736329970	
71,"#NBA零距离#湖人捡到宝了 
霍华德怒送泽勒排球扇帽梦回巅峰 http://t.cn/Ai1Wru8E ​",4432695406741179	,2019-10-29-11,2019-10-29,灌篮大风车,6090644987	
72,"#PointGod# 
特雷杨crossover 命中超远三分
牛皮🔥 🔥 🔥 

#球员实战动作# http://t.cn/Ai1WrRvY ​",4432695360471554	,2019-10-29-11,2019-10-29,控卫魂,3488415372	
73,"休斯敦火箭队，今天取得赛季第二胜，哈登虽然取得40+7的数据，但是命中率惨不忍睹，赛季至今三分球命中率仅有15%，威少依然劲爆，突破暴扣助攻篮板无所不能 ，是今天取胜的关键。

来看他俩的精彩集锦！#NBA[超话]# http://t.cn/Ai1WratC ​",4432695176532062	,2019-10-29-11,2019-10-29,碎片历史,2132702681	
74,"金特里：

“最让我生气的是我们从未进入过比赛该有的状态！特别是在主场打球，我们根本没有进入比赛的模式！如果说我们的口号是won't bow down，那么我们就不该有这样的表现。”#nba##新奥尔良鹈鹕# ​",4432695171968573	,2019-10-29-11,2019-10-29,球哥Lonzo_Ball,5742903834	
75,"在刚刚结束的开拓者客场挑战马刺的比赛中，开拓者最终以110-113不敌马刺

其中，开拓者后卫达米安-利拉德全场28投9中得到28分9篮板7助攻，他在末节独拿18分，差点完成逆转！CJ-麦科勒姆得到27分3篮板5助攻
马刺后卫德马尔-德罗赞表现出色，16投10中，罚球9投7中，高效砍下27分7篮板
值得一提的是，德罗 ​",4432695163328235	,2019-10-29-11,2019-10-29,BIF-篮球即信仰,7188440252	
76,10月29日讯 NBA 常规赛继续进行，老鹰坐镇主场对阵76人，两队在前两场比赛中未尝败绩。首节老鹰一波7-0开局，特雷-接连开火老鹰取得优势，首节战罢，老鹰40-31领先76人。次节再战，恩比德开火将分差抹平，半场前老鹰连得五分重新领先，半场结束，老鹰65-63领先76人。第三节中，大帝恩比德发威助76人反 ​,4432695117290262	,2019-10-29-11,2019-10-29,篮球集,5675204225	
77,#火箭战胜雷霆#有些人是嫌NBA还没凉？ ​,4432695020809385	,2019-10-29-11,2019-10-29,苍穹浩瀚无垠,5342398983	
78,#勇士赛季首胜#【拉塞尔今日集锦】拉塞尔本场比赛拿下24分8篮板7助攻！帮助勇士拿下赛季首胜[鼓掌]#NBA吐槽大会# http://t.cn/Ai1WrZjs ​,4432694945354791	,2019-10-29-11,2019-10-29,库里资讯,5887147203	
79,"#OneMission# #火箭VS雷霆# #休斯顿火箭# #NBA# 
【10.29火箭VS雷霆威少劲爆集锦】  http://t.cn/Ai1WB3UI ​",4432694778208855	,2019-10-29-11,2019-10-29,HoustonRockets中文网,6229521600	
80,"#亚当斯受伤# 

亚当斯遭遇左膝挫伤

希望没有大碍，能早日回归赛场！

#NBA比赛日# #NBA比赛日# #俄克拉荷马雷霆# ​",4432694610147320	,2019-10-29-11,2019-10-29,BIF-篮球即信仰,7188440252	
81,卡帧版乔丹来了！莱昂纳德溜底线突破上演极限拉杆上篮！#NBA比赛日# #高光时刻#  http://t.cn/Ai1WBSxD ​,4432694567654701	,2019-10-29-11,2019-10-29,声色NBA,2022171303	
82,"#休斯顿火箭# #NBA[超话]# 
【火箭vs雷霆回顾】
威少能量点燃全场，快攻暴扣激起声浪千层 💥💥💥  http://t.cn/Ai1W1BSB ​",4432694186546639	,2019-10-29-11,2019-10-29,休斯顿火箭,3802896629	
83,开赛第二周的球队实力榜！快船榜首，76人雄鹿紧随其后，湖人排在第五！#图说NBA# ​​​,4432693980341613	,2019-10-29-11,2019-10-29,体育夜猫,2947115037	
84,#篮球#盘点NBA上的十大垃圾话 http://t.cn/Ai1W1Uea ​,4432693758373528	,2019-10-29-11,2019-10-29,肖瑶篮球,6524691377	
85,#NBA零距离#【祖巴茨暴扣加大帽】祖巴茨闪耀攻防两端，先是快下双手暴扣，接着补防大帽泽勒！ #黄蜂vs快船#  http://t.cn/Ai1W3uu8 ​,4432693527786124	,2019-10-29-11,2019-10-29,NBA,1883881851	
86,#NBA吐槽大会# 莱昂纳德上演极限拉杆秀！！#快船vs黄蜂#http://t.cn/Ai1WEJCj ​,4432693464680150	,2019-10-29-11,2019-10-29,飞翔的篮球号,2621523627	
87,发布了头条文章：《NBA常规赛强势推荐：老鹰vs热火 背靠背作战老鹰恐连败？》  http://t.cn/Ai1W3OR9 ​,4432693401820149	,2019-10-29-11,2019-10-29,料到体育,6415197408	
88,【勇士轻取鹈鹕拿下赛季首胜】勇士134-123轻取鹈鹕拿到赛季首胜，鹈鹕则遭遇4连败仍未尝胜绩！勇士方面，库里26分3板11助3断，拉塞尔24分7板8助，格林16分17板10助，达米安-李23分11板；鹈鹕方面，英格拉姆27分10板6助2断，球哥12分4板9助，哈特12分！#NBA比赛日# ​​​,4432693230228838	,2019-10-29-11,2019-10-29,体育夜猫,2947115037	
89,#奥斯曼[超话]#和雄鹿比赛很艰难 你知道他们是总冠军热门之一，和他们比赛我们看到了很多积极的东西  像我们对字母哥的防守做的不错，只让他得了14分 但是像科沃尔米德尔顿这样的射手太难防了 我们7-8分钟投丢了很多球 总体而言我们每个人都打的不错 现在比赛结束了 我们收获了很多 现在就是全身投入下 ​,4432693066749257	,2019-10-29-11,2019-10-29,翟迪·奥斯曼,6402434359	
90,#勇士赛季首胜#库里在今天的比赛中贡献26分3板11助攻3抢断！带领勇士大胜鹈鹕，拿下赛季首胜！一起来欣赏傻库本场比赛的精彩表现吧~#NBA吐槽大会# http://t.cn/Ai1Wu15w ​,4432692936938218	,2019-10-29-11,2019-10-29,库里资讯,5887147203	
91,#NBA新赛季2019# 【特雷-杨全场长传破紧逼】如何破全场防守？特雷-杨现场教学！杨底线接球遭遇全场紧逼，但他气定神闲一记四分卫长传斜角精确地给到了篮下的林恩，后者吃饼扣篮得手。#NBA零距离# #76人vs老鹰#  （来源：NBA）http://t.cn/Ai1OEYWI ​,4432692894625993	,2019-10-29-11,2019-10-29,杨凌微生活,3585367702	
92,猛龙今天的主场穿上了复古球衣，同时主场的Logo也换成了复古的图标！！#NBA吐槽大会# ​,4432692840239547	,2019-10-29-11,2019-10-29,飞翔的篮球号,2621523627	
93,滚，滚的越远越好！《宁可放弃中国市场也不道歉，原来萧华早已做好转移海外市场准备！》很多人都非常疑惑，一直都说中国是NBA最大的海外市场，中国市场每年会向NBA输送大量的薪资收入，但是为什么这一次NBA会丝毫不在意中国市场的流失。http://t.cn/Ai1WuNuF ​,4432692756071938	,2019-10-29-11,2019-10-29,月伴风荷1997,5521630736	
94,#勇士赛季首胜# 终于拿下首胜！库里VS鹈鹕砍下26分3板11助3抢断[耶][耶][耶]http://t.cn/Ai1WToYf ​,4432692663789528	,2019-10-29-11,2019-10-29,库里小爱豆,5978728905	
95,"#休斯顿火箭# #NBA[超话]# 
【球员数据】PJ 塔克
17分9篮板1助攻1抢断1封盖；
0失误4犯规，正负值+16
出手9次中6，三分7中5，罚球0； ​",4432692659705825	,2019-10-29-11,2019-10-29,休斯顿火箭,3802896629	
96,"英格拉姆这赛季开始以来四场比赛的数据：
22分5板5助攻
25分8板3助攻
35分15板5助攻
27分10板6助攻

常规操作，不算爆发，仍需努力[心]
#库里超远三分##NBA吐槽大会# ​",4432692650842527	,2019-10-29-11,2019-10-29,布兰登-英格拉姆中文网,5921915361	
97,"全场
篮球-NBA-第三节
丹佛掘金 VS 萨克拉门托国王(主)
大 57.5
#NBA# #推荐# ​",4432692500010394	,2019-10-29-11,2019-10-29,NBA足球篮球推手-轩姐,6622419535	
98,【篮球一起侃】今日有不少NBA的比赛，其中一场比赛并不受球迷的欢迎，但是其中有几个球星还是比较受到球迷的 最不想看到的结局！保罗对阵“老东家”表现槽糕，和安东尼只差一步 http://t.cn/Ai1WuwVV ​,4432692462099951	,2019-10-29-11,2019-10-29,19篮球世界杯,6732409172	
99,库里连续背后妙传！水拉稳稳命中底角三分，这对后场组合的配合渐入佳境！#NBA比赛日# #高光时刻#  http://t.cn/Ai1WmdVh ​,4432692323561511	,2019-10-29-11,2019-10-29,声色NBA,2022171303	
100,"#休斯顿火箭# #NBA[超话]# 
【球员数据】詹姆斯-哈登
40分3篮板7助攻1抢断1封盖；
4失误5犯规，正负值-3
出手21次中8，三分14中3，罚球22中21 ​",4432692277850549	,2019-10-29-11,2019-10-29,休斯顿火箭,3802896629	
101,"威斯布鲁克走进雷霆队的更衣室，队友开玩笑说他进错了更衣室。克里斯·保罗开玩笑说:“快船因为这件事想让我停赛。保罗开玩笑说，“拜托，伙计，你得离开这里。”

#休斯顿火箭# #NBA# #威少# ​",4432692130621125	,2019-10-29-11,2019-10-29,休斯顿火箭动态,6231522929	
102,"罗斯今日图集
小菜鸡 上下半场换鞋了?[doge]
Derrick Rose 191029 vs pacers
#玫开二度# #nba吐槽大会# #底特律活塞# ​",4432691950547541	,2019-10-29-11,2019-10-29,罗斯中文网微博,2120188435	
103,NBA第一周数据排行榜，詹姆斯领衔总助攻榜，浓眉领衔总盖帽和场均盖帽榜！ ​,4432691895897711	,2019-10-29-11,2019-10-29,湖人之声,5311051917	
104,"#NBA吐槽大会##萨克拉门托国王# 
霍姆斯接Bogi的助攻隔扣普林姆利
点燃全场！！！ http://t.cn/Ai1Wmyis ​",4432691879304922	,2019-10-29-11,2019-10-29,MB3巴格利资讯,6439345041	
105,"#休斯顿火箭# #NBA[超话]# 
【球员数据】威斯布鲁克
21分12篮板9助攻1抢断；
5失误4犯规，正负值+19全场最高
出手16次中9，三分1中0，罚球4中3 ​",4432691778603499	,2019-10-29-11,2019-10-29,休斯顿火箭,3802896629	
106,#NBA零距离##菲尼克斯太阳# 【乌布雷外线3+1】球在太阳外线流畅运转，乌布雷看准时机坚决出手，3+1打成！#爵士vs太阳#  http://t.cn/Ai1WlLdr ​​​,4432691661714105	,2019-10-29-11,2019-10-29,灌篮杂志,1719824734	
107,"Let’s keep it rolling
根本停不下来
#相信过程##硬核大帝##NBA新赛季2019# ​",4432691652924715	,2019-10-29-11,2019-10-29,JoelEmbiidOfficial,6105641942	
108,[吃惊][吃惊][吃惊]最佳助攻预定#nba新赛季2019#  http://t.cn/Ai1Wnxfv ​,4432691388932613	,2019-10-29-11,2019-10-29,孔德昕,2770340745	
109,"火箭vs雷霆威少21+12+9集锦！

#休斯顿火箭# #NBA# #威少#  http://t.cn/Ai1WnIYP ​",4432691367248343	,2019-10-29-11,2019-10-29,休斯顿火箭动态,6231522929	
110,"#NBA吐槽大会##萨克拉门托国王# 
Bogi遭包夹后妙传 助攻阿里扎命中底角三分 http://t.cn/Ai1WntL3 ​",4432691325867026	,2019-10-29-11,2019-10-29,MB3巴格利资讯,6439345041	
111,"#休斯顿火箭[超话]##NBA吐槽大会# 
哈登今日40+图集

恭喜  火箭二连胜   哈登40+   威少准三双 ​",4432691309027706	,2019-10-29-11,2019-10-29,休斯敦火箭图集,6698088712	
112,NBA开赛以来第一个大冷门出炉。莱昂纳德带领的快船爆冷122... 乔治快回来！三巨头78分难阻爆冷，3大首发18中4，莱昂纳德带不动 http://t.cn/Ai1Wn7b1 ​,4432691187311646	,2019-10-29-11,2019-10-29,周晨54451,5789775390	
113,北京时间10月26日，刚刚结束的一场NBA常规赛里，雷霆主场... 上场30分钟仅6分，还有5次失误！雷霆输球，保罗，你的变化有点大 http://t.cn/Ai1WEeuM ​,4432691111857424	,2019-10-29-11,2019-10-29,周晨54451,5789775390	
114,"#茗嘴随时播[超话]##休斯顿火箭# 【火箭vs雷霆- 赛后数据】
🚀今日比赛📊数据对比：
@休斯顿火箭➡️
三分命中率 22.7%； 投篮命中率43.3%；罚球命中率 84.8% 
篮板总数 40个 = 9x进攻篮板 + 31x防守篮板；
助攻总数 21个；抢断总数6次；封盖总数6次；
失误总数 14次；失误得分13；犯规总数24次；
 ​",4432691095031366	,2019-10-29-11,2019-10-29,旺洋洋杨铭,5953359844	
115,有点难过，赛季首胜也值得上次热搜  渣勇，平安就好，远离伤病🙏#勇士赛季首胜##NBA吐槽大会# ​,4432691082286606	,2019-10-29-11,2019-10-29,篮球会发光,3237593591	
116,"父女甜蜜时刻[给你小心心][佩奇][米奇比心]

#NBA吐槽大会# ​",4432691027991571	,2019-10-29-11,2019-10-29,湖人图集,6426851865	
117,NBA开赛至今欧文表现堪称完美！#nba##nba吐槽大会##体育##篮球# http://t.cn/Ai1WEHdn ​,4432690969104549	,2019-10-29-11,2019-10-29,微游体育频道,5502124717	
118,"🎬 今日库里对阵鹈鹕集锦！熟悉的库日天回来啦！

#NBA吐槽大会# #体育速递#  http://t.cn/Ai1WEWBU ​",4432690919048727	,2019-10-29-11,2019-10-29,Micro篮球显微镜,7261074822	
119,#NBA零距离#【伦纳德极限拉杆】路威反击送出助攻，伦纳德接球底线突破负角度极限拉杆命中[吃惊] #黄蜂vs快船#  http://t.cn/Ai1WEJCj ​,4432690776031463	,2019-10-29-11,2019-10-29,NBA,1883881851	
120,"#茗嘴随时播[超话]#窒息攻防！老鹰103-105惨遭76人逆转！比赛激战到最后一秒！比赛最后时刻，76人领先三分提前犯规，特雷杨两罚一中，柯林斯补篮扳平比分，最后一攻，恩比德内线强打造成犯规，恩比德最终两罚两中，拿下了比赛！
本场比赛，大帝复出砍下35分13篮板5助攻，老鹰队球星特雷-杨下半场发挥不 ​",4432690705467337	,2019-10-29-11,2019-10-29,旺洋洋杨铭,5953359844	
121,"#休斯顿火箭[超话]##NBA吐槽大会# 
恭喜火箭取得二连胜

哈登本赛季首次砍下40+

但在这场胜利的背后，我们也要看到很多需要改善的方面。我总结了以下三点，总结的不到位，欢迎大家补充

1:但哈登的状态还有提高的空间，本场 比赛的40分里有21分来自罚球，如果在季后赛遇到尺度比较宽松的裁判，哈登就 ​",4432690520333267	,2019-10-29-11,2019-10-29,休斯敦火箭图集,6698088712	
122,#旋猫今日集锦##NBA球员集锦##NBA吐槽大会#【20191029库里26分3板11助3断1失误，17中9】勇士终于打出攻防两端回归正常的表现，拿到赛季首胜，库里个人得分不多，但靠库有引力送出大量助攻。  http://t.cn/Ai1WRRmG ​,4432690381683597	,2019-10-29-11,2019-10-29,旋猫,1665176985	
123,"【比赛集锦】

隔扣JJJ！阿伦本场比赛打出了血性！就是这样！

#布鲁克林篮网[超话]# http://t.cn/Ai1WRR5w ​",4432690373793104	,2019-10-29-11,2019-10-29,布鲁克林篮网,3800480539	
124,开赛第二周的球队实力榜！快船榜首，76人雄鹿紧随其后，湖人排在第五！#图说NBA# ​,4432690373273478	,2019-10-29-11,2019-10-29,新浪NBA,1736329970	
125,"当年科比vs艾弗森2001年史诗般的对决！！精彩绝伦让你看的热些沸腾

科比：你不知道巅峰的艾弗森有多强！  http://t.cn/Ai1WRSZ2 ​",4432690201683363	,2019-10-29-11,2019-10-29,微三体育,5860118409	
126,"在刚刚结束的一场常规赛里，史蒂文-亚当斯遭遇左膝撞伤，据记者透露，亚当斯在比赛中尝试带伤作战，但第四节的时候无法继续下去，主动和教练提出换下自己。

在今日的比赛里，亚当斯打了27分钟，拿到了6分12篮板1助攻2盖帽。
愿伤病远离球员🙏#NBA比赛日# ​",4432690180651420	,2019-10-29-11,2019-10-29,虎扑篮球,1642292081	
127,对NBA还有眷恋，是罗斯。 ​,4432690105202463	,2019-10-29-11,2019-10-29,-大甩-,1619015200	
128,"#NBA吐槽大会# 
大家出来看乔丹... ​",4432690067647528	,2019-10-29-11,2019-10-29,老徐说球,6006841844	
129,10点，NBA，太阳39比46爵士，中场休息，爵士-7.5分 ​,4432690067335849	,2019-10-29-11,2019-10-29,coco婷2019,7068042370	
130,"哈登vs雷霆40分3篮板7助攻1抢断1盖帽集锦！ 登哥命中率还是不高啊，希望快点找回状态！[思考][思考]
#NBA吐槽大会##哈登# http://t.cn/Ai1WRAxI ​",4432689978945874	,2019-10-29-11,2019-10-29,火箭动态,5567503278	
131,"KD做客猛龙前锋赛尔吉-伊巴卡美食节目。在节目中杜兰特谈到了未来可能的职业规划。

伊巴卡问道：“你已经有了NBA总冠军，赢了奥运金牌，你已经算是赢得了所有东西，那么下一步呢？你想干点啥？”

杜兰特说道：“我如此年轻就完成了这么多成就....现在我想看看我能不能完成的更多点。我真的挺想在我职 ​",4432689953965639	,2019-10-29-11,2019-10-29,杜兰特资讯Club,5662236457	
132,"威少今日21分12篮板9助攻集锦！！几个前场篮板真的牛逼啊！！！
#NBA吐槽大会##威斯布鲁克# http://t.cn/Ai1W8eNE ​",4432689844869828	,2019-10-29-11,2019-10-29,火箭动态,5567503278	
133,"威少赛后去到雷霆更衣室，与老友叙旧[心][心]
#NBA吐槽大会##威斯布鲁克# ​",4432689819960757	,2019-10-29-11,2019-10-29,火箭动态,5567503278	
134,nba确实假的可以太阳剩56秒领先1分然后卢比奥带着命令上来了56秒被打一波8-0牛逼  表演的可以 ​,4432689773703831	,2019-10-29-11,2019-10-29,胡莱帮,2801307141	
135,"快攻顺下

字母哥残暴滑翔炸扣！

http://t.cn/Ai1Wyo0i ​​​

#NBA零距离# ​",4432689766043822	,2019-10-29-11,2019-10-29,字母哥FansClub,6403737490	
136,"我发现NBA这事儿最后的结局就是
1:CCTV5不再转播NBA赛事。
2:腾讯视频只转播火箭队以外的赛事。
3球迷:大家就当无事发生

就是不知道潜在的代言，商务合作之类的有没有影响。 ​",4432689589634935	,2019-10-29-11,2019-10-29,雩歌_,6133795297	
137,克雷格和普拉姆利前赴后继完成终结！但千言万语汇成一句：We want MPJ！#掘金vs国王##NBA吐槽大会# http://t.cn/Ai1W891t ​,4432689589066653	,2019-10-29-11,2019-10-29,迈克尔波特MPJ,6307422658	
138,"库里状态回升，三节打卡3数据创高 助攻队友做鬼脸变小学生 
贝博体育2019-10-29 #库里##NBA# 
对于库里而言，新赛季就遭遇的当头棒喝，让勇士和自己都一起陷入了低迷，调整已经是迫在眉睫。北京时间2019年10月29日，勇士客场以134-123大胜鹈鹕，库里拿下26分11次助攻3抢断，这三个数据都是赛季新高。 ​",4432689551561315	,2019-10-29-11,2019-10-29,贝博体育官方ballbet,7205342861	
139,"金州幼儿园放学了！库里拉塞尔蹦蹦跳跳回更衣室[二哈][二哈][二哈]
#nba吐槽大会# #勇士赛季首胜# ​",4432689408712752	,2019-10-29-11,2019-10-29,篮球暴叔,6172536581	
140,"#勇士赛季首胜# 【库里26+11格林三双 勇士送鹈鹕开季四连败】北京时间10月29日，NBA常规赛继续进行，金州勇士客场挑战新奥尔良鹈鹕，第三节结束时勇士便已经确立了24分的领先优势，最终以134-123轻取鹈鹕，取得本赛季首胜的同时送给对手四连败。
此役，库里砍下26分11助攻，格林16分17篮板10助攻，拉塞 ​",4432689296237532	,2019-10-29-11,2019-10-29,体坛大白,2917963670	
141,"NBA公布了上周的东西部最佳球员，老鹰的特雷-杨和森林狼的唐斯分别当选。
特雷-杨上周带领老鹰取得2胜0负，他场均得到38.5分9次助攻和7个篮板，投篮命中率和三分命中率分别为58.7%和55%；
唐斯带领森林狼队取得3胜0负，他场均得到32分13.3个篮板和5次助攻，投篮命中率和三分命中率分别为52.5%和51.7%。 ​",4432689278939032	,2019-10-29-11,2019-10-29,3X3黄金联赛上海,6809850827	
142,"#范乔丹晃倒富尔茨##NBA吐槽大会#
这么厉害吗？原来16岁的戈登就展现了“扣篮王”的天赋！这样禽兽般的身体真是让人羡慕 嫉妒 恨！[二哈] http://t.cn/Ai1WQmlK ​",4432689152903603	,2019-10-29-11,2019-10-29,天下篮球快报,6041830417	
143,"#NBA吐槽大会##萨克拉门托国王# 
半场结束 掘金47-53国王
福克斯11分2板3助 阿里扎9分4板2助 霍姆斯15分5板（7-7 FG）博格丹5分4板6助

霍姆斯牛逼！！！ ​",4432689060954689	,2019-10-29-11,2019-10-29,MB3巴格利资讯,6439345041	
144,今天富尔茨的队友艾萨克表现非常出色，他出场33分03秒，投篮10中7，三分7中5，砍下24分7板3断2帽。[赞][赞]#NBA吐槽大会# ​,4432689052312655	,2019-10-29-11,2019-10-29,马克尔-富尔茨中文网,5864149934	
145,今日比赛拉塞尔集锦！拉塞尔今日拿下24分8板7助攻，表现全面！拉塞尔现在是勇士阵容最有能力分担库里进攻端压力的球员！我们相信拉塞尔一定会在勇士的体系里表现的越来越好！#NBA吐槽大会# #勇士赛季首胜# http://t.cn/Ai1WQGDZ ​,4432688787985280	,2019-10-29-11,2019-10-29,见证体育,6446620323	
146,"NBA推荐 - 第三节预测
萨克拉门托国王  53.5  大球

国王跟掘金这场在半场结束我看好第三节国王有机会小胜，但是掘金目前状态非常好也未尝过败仗，本场还是有望翻转胜负。
反正『我命由我不由天』 我就追大球！！
#NBA# #NBA推荐# ​",4432688657843728	,2019-10-29-11,2019-10-29,NBA足彩分析师,1336846203	
147,"库里26分 3板 11助高光集锦 
勇士本赛季首胜！！！库里太难了[允悲]期待汤神早日回归

#NBA长草期大赛##勇士赛季首胜# http://t.cn/Ai1WHsoe ​",4432688633173504	,2019-10-29-11,2019-10-29,篮球盛点,1769043174	
148,#NBA零距离# 【国王连中三分】福克斯和别利察相继命中三分，国王连续得分保持领先。#掘金vs国王#  http://t.cn/Ai1WHekv ​,4432688595012326	,2019-10-29-11,2019-10-29,NBA,1883881851	
149,上周NBA最佳Crossovers剪辑，看看都有那些华丽的过人表演。  http://t.cn/Ai1WHHIe ​,4432688448069803	,2019-10-29-11,2019-10-29,拜伦_斯科特,5390000634	
150,【勇士赛季首胜】还得看死亡五小！勇士变阵收奇效，库里26分11助攻，水拉24+7+8，追梦16分17篮板10助攻砍三双，大米恩-李大发神威替补出战砍下23分11篮板，勇士大胜鹈鹕拿下赛季首胜！#勇士赛季首胜# #NBA吐槽大会#  http://t.cn/Ai1WHTim ​,4432688439657202	,2019-10-29-11,2019-10-29,NBA吐槽帝,2525046727	
151,"#扎克拉文[超话]# ""We keep pissing away wins. I feel like we should be 3-1 right now, but it's flipped around."" http://t.cn/Ai1WHTAG ​",4432688435770679	,2019-10-29-11,2019-10-29,扎克拉文ZachCamp,5196289119	
152,Warriors Beat Pelicans @金州勇士 Game Rewind http://t.cn/Ai1WH0RG ​,4432688377493142	,2019-10-29-11,2019-10-29,LaurenceScott,5730419375	
153,#新浪看点# NBA第二周实力榜出炉：快船仍第一，湖人第五，勇士第17下跌7位http://t.cn/Ai1WH0NV ​,4432688372631895	,2019-10-29-11,2019-10-29,颜小白的篮球梦,2289815244	
154,#勇士赛季首胜# 库里赢球后的样子，小学森梦回勇士王朝啊！#热议NBA# http://t.cn/Ai1WHCEZ ​,4432688343184822	,2019-10-29-11,2019-10-29,篮球君,6882357156	
155,#NBA零距离# 【乌布雷抢断暴扣】活力十足！乌布雷闪电出击截断英格尔斯传球，一条龙奔袭前场双手暴扣！#爵士vs太阳#  http://t.cn/Ai1WH9M6 ​,4432688326675195	,2019-10-29-11,2019-10-29,NBA,1883881851	
156,【狂暴战士！海斯NBA首秀砍19+3集锦】今天由于费沃斯缺席，8号休海斯获得了一些出场时间，他全场11投9中，爆砍19分3篮板1盖帽的数据。比赛中大帽MVP库里，每一球都是高光时刻，简直是人类电影精华般的存在！[笑而不语]#Won't Bow Down##视频星计划# http://t.cn/Ai1WHadE ​,4432688289203699	,2019-10-29-11,2019-10-29,Zion威廉森,6524413041	
157,今日比赛库里集锦！库里今天砍下26分11中助攻的两双数据！带队拿下赛季首胜！#NBA吐槽大会# #库里# http://t.cn/Ai1WHquo ​,4432688129453888	,2019-10-29-11,2019-10-29,见证体育,6446620323	
158,"克利福德教练谈及在赛季初期寻找到球队最佳的阵容排布：“你每晚都能学到一些东西，每年的这个时间，特别是像我们这样的球队。我所发现的就是我们需要一定的时间才能找到最佳的阵容组合。”

“你想要变得平衡，但我们阵中有许多家伙首先是防守者，这让事情变得更加容易。因为我们不会排除任何阵容（攻 ​",4432688125247623	,2019-10-29-11,2019-10-29,马克尔-富尔茨中文网,5864149934	
159,勇士VS鹈鹕全场高光集锦！今日鹈鹕青年军有着不错的发挥，但无奈勇士全队开花将比赛牢牢掌控！勇士队在首胜的同时也预示着他们状态的逐渐回归!相信勇士队会逐渐找回他们自己！也期望相信鹈鹕早日取胜！#NBA吐槽大会# #勇士赛季首胜# http://t.cn/Ai1WHy0h ​,4432688075095082	,2019-10-29-11,2019-10-29,见证体育,6446620323	
160,"#NBA# #热议nba# #nba比赛日# #nba新赛季2019# #罗斯# 

玫瑰带刺

罗斯终场前突破上篮得手

送上准绝杀

http://t.cn/Ai1WhKpw ​",4432688058202735	,2019-10-29-11,2019-10-29,刘Aboo,6462212313	
161,你为什么喜欢勒布朗-詹姆斯？詹姆斯一些暖心瞬间，有时候，人品比球技更吸粉！联盟门面，不止冠军！#NBA##女球视频# http://t.cn/AiHCF5CF ​,4432687995694466	,2019-10-29-11,2019-10-29,女球,5114939279	
162,"在刚刚结束的开拓者客场挑战马刺的比赛中，开拓者最终以110-113不敌马刺

其中，开拓者后卫达米安-利拉德全场28投9中得到28分9篮板7助攻，他在末节独拿18分，差点完成逆转！CJ-麦科勒姆得到27分3篮板5助攻
马刺后卫德马尔-德罗赞表现出色，16投10中，罚球9投7中，高效砍下27分7篮板
值得一提的是，德罗 ​",4432687970474440	,2019-10-29-11,2019-10-29,虎扑篮球,1642292081	
163,"大家猜猜万圣节装扮，这个灭霸和蜘蛛侠是谁cos的？[doge]（待会公布答案）

#NBA# ​",4432687718226646	,2019-10-29-11,2019-10-29,篮球星选,1891829365	
164,"德罗赞：后面2分跳投和两罚全没，够意思了吧[摊手]
#NBA# ​",4432687559492954	,2019-10-29-11,2019-10-29,NBA足球篮球推手-轩姐,6622419535	
165,10点，NBA，国王53比47掘金，中场休息，掘金让平手分 ​,4432687529815369	,2019-10-29-11,2019-10-29,coco婷2019,7068042370	
166,#NBA零距离#【格拉汉姆连续得分】替补出场的德文特-格拉汉姆连续取分，黄蜂首节末将分差缩小到1分！ #黄蜂vs快船#  http://t.cn/Ai1WTxkM ​,4432687513489338	,2019-10-29-11,2019-10-29,NBA,1883881851	
167,"【NBA战报：库里26+11格林三双莺歌空砍27+10，勇士134-123轻取鹈鹕获首胜】#NBA# 鹈鹕坐镇主场迎战背靠背的勇士，勇士遭遇开局两连败，急需一场胜利来重振士气。最终，6人得分上双的勇士在客场以134-123轻取鹈鹕，取得赛季首胜，同时送给鹈鹕4连败。
勇士队的库里26分3篮板11助攻3抢断、格林16分17篮板 ​",4432687450447255	,2019-10-29-11,2019-10-29,易赛篮球,6582962851	
168,"#nba# #热议nba# #nba吐槽大会# #nba新赛季2019# #nba比赛日# #金州勇士# #库里# 

‘昊’月当空

库里砍下26分+11助攻

帮助勇士134-124战胜鹈鹕

拿下赛季首胜

喜欢库里的朋友可以来我们微博参与预测赢球衣活动噢~~ ​",4432687257217729	,2019-10-29-11,2019-10-29,刘Aboo,6462212313	
169,"#NBA新赛季2019# 【德罗赞第三节爆发，全场狂砍27＋7，马刺喜迎三连胜】

今日，马刺主场迎战开拓者，阿德再战老东家，第一节开始阶段，马刺球员全场哑火，单节被开拓者领先14分，第二节开打，马刺稳住阵脚，逐渐追分，默里攻防两端表现出色，易边再战，德罗赞爆发，单节狂砍18分4篮板，带领马刺反超比 ​",4432687105918231	,2019-10-29-11,2019-10-29,马努-吉诺比利Manu,5533010788	
170,父女时光，剪刀石头布~[doge][笑而不语]#GoLakers##NBA吐槽大会# ​,4432687014070177	,2019-10-29-11,2019-10-29,洛杉矶湖人吧,2205169727	
171,"【金特里赛后采访：最令人恼火的事情是本场比赛中我们从未进入比赛状态】
你可以看到他们投篮不好，但我们真的没有进入比赛状态。这是最恼人的，特别是在主场打比赛的时候。如果我们的球队新赛季口号是：我们不会屈服，那我们就不能像今天这样打球了。#NBA吐槽大会##nba新赛季2019# ​",4432686787466658	,2019-10-29-11,2019-10-29,英格拉姆那些事儿,5880933875	
172,"今日勇士134-123战胜鹈鹕全场集锦

勇士六人得分上双，勇士终结连败！
#NBA吐槽大会##勇士赛季首胜# http://t.cn/Ai1WY6yK ​",4432686787467880	,2019-10-29-11,2019-10-29,微观体育,5816584549	
173,#nba吐槽大会# ​,4432686657173563	,2019-10-29-11,2019-10-29,Despairkang,3162589652	
174,#NBA零距离# 【怀特对飚利拉德】生死时刻，利拉德和德里克-怀特完成了精彩对飚！利拉德先是杀入禁区暴扣得手，随后怀特背转身单打利拉德抛投命中还以颜色；利拉德关键时刻又底线突破强吃怀特得手。最后一攻，利拉德抓到机会三分出手，又是怀特及时扑防让其绝杀无果。精彩的攻防对决。#开拓者vs马刺#   ​,4432686590607363	,2019-10-29-11,2019-10-29,NBA,1883881851	
175,"勇士赢一把真难，对方没有锡安。[大毛略略]
#NBA[超话]# ​",4432686590299844	,2019-10-29-11,2019-10-29,Edison_小柒,1979420402	
176,今日最凶扣篮！来自76人的乔尔-恩比德！柯林斯此时此刻内心大概是有一万句…要讲吧！#NBA比赛日# ​,4432686392974162	,2019-10-29-11,2019-10-29,虎扑篮球,1642292081	
177,"http://t.cn/Ai1WjauM的http://t.cn/Ai16LQ0O 
恋之旅程，这首歌是分手总结之一五大联赛片寂静，不一会儿传来啜泣的声音买球[偷笑]app[好爱哦][馋嘴][哆啦A梦花心] ​",4432686384564667	,2019-10-29-11,2019-10-29,无边风,5361466253	
178,浓眉目前以10次封盖和场均3.3次封盖领先常规赛封盖总数榜和场均封盖榜 #安东尼戴维斯[超话]##洛杉矶湖人[超话]##NBA# ​,4432686360281451	,2019-10-29-11,2019-10-29,安东尼戴维斯资讯,5584087944	
179,【罗斯致命一击】尽管10分6助攻的数据不如前几场亮眼，但今天罗斯还是在关键时刻左右了球队的胜负，比赛还剩28.3秒时，他突破上篮命中帮助球队取得领先！最终活塞也以96-94险胜步行者！#德里克罗斯# #NBA新赛季2019# #NBA吐槽大会# http://t.cn/Ai1WjQOh ​,4432686351322814	,2019-10-29-11,2019-10-29,哈说ball道,1196213593	
180,"#竞彩猫# #NBA# NBA官方公布了第一周东西部最佳球员，亚特兰大老鹰队特雷-杨和明尼苏达森林狼队卡尔-安东尼-唐斯分别当选。

特雷-杨生涯第2次荣膺周最佳球员，他在开幕周场均出战36.5分钟，贡献38.5分7.0个篮板9.0次助攻，投篮命中率58.7%，三分命中率55%，率领老鹰队取得2胜0负的战绩。

唐斯自2017 ​",4432686330290101	,2019-10-29-11,2019-10-29,竞彩猫,5629749871	
181,"#勇士赛季首胜# #nba吐槽大会# 
开局两连败的勇士背靠背客场挑战鹈鹕，他们整场一路领先，最终134-123击败鹈鹕，取得赛季首胜。库里得到26分11次助攻，拉塞尔24分7个篮板8次助攻，格林拿到16分17个篮板10次助攻，收获赛季首次三双，也是生涯第23次拿到三双，勇士后卫雅各布-埃文斯因为内收肌拉伤，此役 ​",4432686137201503	,2019-10-29-11,2019-10-29,天下篮球快报,6041830417	
182,场边认真的家长们[doge][笑而不语]#GoLakers##NBA吐槽大会# ​,4432686095530890	,2019-10-29-11,2019-10-29,洛杉矶湖人吧,2205169727	
183,怎么还有火箭队呢？#NBA# ​,4432686015476334	,2019-10-29-11,2019-10-29,聪哥很硬,1889384255	
184,保罗这个转身假动作过人是真的有点东西！#克里斯保罗# http://t.cn/Ai1WjAjo ​,4432685982240196	,2019-10-29-11,2019-10-29,篮球热搜,5810198542	
185,#休斯顿火箭[超话]# #我的火箭情结# #NBA# #NBA吐槽大会# 戈登抢断 威少暴扣 这气势直接点燃了主场球迷的气氛 高潮了[鼓掌][鼓掌][good][good]  http://t.cn/Ai1WjZCD ​,4432685961211064	,2019-10-29-11,2019-10-29,ROCKETS-彭哥,1670441987	
186,"#NBA[超话]##威斯布鲁克# #威少准三双# 你真帅！里程碑！威少生涯助攻数升至历史第20

火箭今天在主场以116-112战胜雷霆，威少送出了9个助攻。

本场比赛前，威少生涯助攻数为6917，加上4个后超越盖伊-罗杰斯（6917），独享历史第20位，排在前一位的是鲍勃-库锡（6955）。

本场比赛，威少出战35分钟， ​",4432685847764732	,2019-10-29-11,2019-10-29,NBA篮球动态,6185411519	
187,原来是你系列[doge]#GoLakers##NBA吐槽大会# ​,4432685734946035	,2019-10-29-11,2019-10-29,洛杉矶湖人吧,2205169727	
188,"#NBA吐槽大会##萨克拉门托国王# 
希尔德助攻霍姆斯暴扣！！！ http://t.cn/Ai1WllF5 ​",4432685688615730	,2019-10-29-11,2019-10-29,MB3巴格利资讯,6439345041	
189,#NBA##nba吐槽大会# 鹈鹕坐镇主场迎战背靠背的勇士，此役勇士在库里和格林的得分和助攻串联下，全队多点开花，上半场即以72-55建立起大比分领先。易边再战，拉塞尔在第三节频频发炮命中，帮助勇士进一步扩大领先。末节勇士保持良好手感，没有给鹈鹕留下任何机会。最终，6人得分上双的勇士在客场以134-1 ​,4432685654824222	,2019-10-29-11,2019-10-29,myball迈博体育,6894228873	
190,"#NBA吐槽大会##萨克拉门托国王# 
霍姆斯太带劲了 
现在七投七中 罚球二中一 得到15分5板 ​",4432685646410808	,2019-10-29-11,2019-10-29,MB3巴格利资讯,6439345041	
191,"发布了头条文章：《足球竞猜推荐：荷兰杯    维迪斯 vs 格拉夫夏普》 
日职联 10-29 18:00 广岛三箭VS浦和红钻
法联杯 10-30 01:45 尼姆VS朗斯
德国杯 10-30 01:30 弗赖堡VS柏林联合
德国杯 10-30 01:30 萨尔布吕肯VS科隆
意甲 10-30 02:00 帕尔马VS维罗纳
西甲 10-30 02:00 阿拉维斯VS马德里竞技
英联 ​",4432685616980545	,2019-10-29-11,2019-10-29,阿蔓解盘,5288731328	
192,#勇士赛季首胜#。。。不知道说啥了#nba新赛季2019# ​,4432685616979295	,2019-10-29-11,2019-10-29,求求你给点儿力,5349434091	
193,"【NBA战报：字母哥14+10+7米德尔顿21+8，雄鹿7人上双129-112击败骑士】#NBA# 常规赛继续进行，雄鹿主场迎来骑士，前两场比赛两队都是取得1胜1负的成绩。最终，雄鹿以129-112击败骑士。
雄鹿队的米德尔顿21分8篮板2助攻、字母哥14分10篮板7助攻2盖帽、大洛佩兹16分5篮板3抢断2盖帽。
骑士队的塞克斯顿18 ​",4432685604370640	,2019-10-29-11,2019-10-29,易赛篮球,6582962851	
194,"#NBA[超话]# 贝弗利说：你有过去5年，但接下来的5年是我的。
        库里笑着说：你不也31了吗？
[笑cry][笑cry][笑cry] ​",4432685517116752	,2019-10-29-11,2019-10-29,湖人嘚吧嘚,2729089835	
195,"#勇士赛季首胜#在此前勇士和快船的比赛中，贝弗利对着库里喷垃圾话！一位消息人士透露，贝弗利当时对库里说：“过去5个赛季是你的，接下来的5个赛季是我的。”

随后库里笑着回复：“你不是已经31岁了么？”

在那场比赛里，快船以141-122战胜了勇士。#NBA吐槽大会# ​",4432685474295102	,2019-10-29-11,2019-10-29,篮球教学论坛,2357832895	
196,#NBA零距离# 【乌布雷外线3+1】球在太阳外线流畅运转，乌布雷看准时机坚决出手，3+1打成！#爵士vs太阳#  http://t.cn/Ai1WlLdr ​,4432685386858629	,2019-10-29-11,2019-10-29,NBA,1883881851	
197,"UED体育： 
. 
. 
. 
. 
. 
. 
http://t.cn/AiYVKGE6的http://t.cn/Ai164NrS 
时光。”叶落在说这段话的时候，五大联赛 还重要。”“比姐妹还重要，那就买球[污]app[思考][飞机][拜拜] 
西甲 德甲 意甲 法甲 皇马 梅西 篮球比赛 足球比赛 篮球竞技 足球竞技 #利物浦 巴萨 曼城 曼联 尤文图斯# ​",4432745683647135	,2019-10-29-14,2019-10-29,只为你好54,5629741908	
198,"🦄️波尔津吉斯
#NBA酷图##独行侠# ​",4432745348235174	,2019-10-29-14,2019-10-29,one超人不会飞,6030003660	
199,Crossover！骨头收集者在威尼斯海滩疯狂收集路人脚踝！#NBA吐槽大会# #骨头收集者# #crossover# #街球# #街头篮球#  http://t.cn/Ai1jvGwq ​,4432745319590384	,2019-10-29-14,2019-10-29,BCBC官微,6236008598	
200,"NBA开赛第一周最佳扣篮，波神单臂空接入选[酷]更有小琼斯、詹姆斯、浓眉哥、富尔茨等精彩扣篮，一起来欣赏下吧！ 

http://t.cn/Ai1lddAX ​​​#达拉斯独行侠[超话]##达拉斯独行侠# ​",4432745297694315	,2019-10-29-14,2019-10-29,达拉斯独行侠球迷俱乐部,6220414020	
201,30分7篮板6助攻2抢断3盖帽！小卡再现全能表现击溃黄蜂！[给力]  #伦纳德# #NBA吐槽大会#  http://t.cn/Ai1lsHQH ​,4432744924692805	,2019-10-29-14,2019-10-29,NBA吐槽帝,2525046727	
202,"http://t.cn/Ai1lvCg2的http://t.cn/Ai16LQ0O 
的瑰宝，我倒希望他能慢下来，别五大联赛不到就能全部翻完。这不，叶落把买球[浮云]app[作揖][悲伤][喜] ​",4432744878453081	,2019-10-29-14,2019-10-29,无边风,5361466253	
203,打脸了，还是很关注NBA，看各种酷炫吊炸天的视频[委屈]。就像有些事，有些人，逃不开，躲不过，还是积极面对 ​,4432744731538063	,2019-10-29-14,2019-10-29,SG_whisker,2230055212	
204,【布雷飞扣戈贝尔乌】乌布雷借贝恩斯掩护寻找战机，看准时机加速冲进内线，在戈贝尔头上完成劲爆扣篮！#篮球# #NBA# #菲尼克斯太阳队# #扣篮# http://t.cn/Ai1lsXuX ​,4432744731535856	,2019-10-29-14,2019-10-29,DV看球,2218112705	
205,分开始的时候说好不哭，但见到你依旧眼含热泪。--《说好不哭》+ 保罗火箭集锦 致敬CP3！期待今后的你能越来越好！#NBA##休斯顿火箭# #克里斯保罗#  http://t.cn/Ai1ls55X ​,4432744597696443	,2019-10-29-14,2019-10-29,剪了个球,5426636534	
206,"#休斯顿火箭[超话]##NBA吐槽大会# 
哈登三分命中率15％    戈登三分命中率21.4

分别排名联盟第162名   156名

威少:我太难了[泪][泪]

能有啥想说的没 ​",4432744593996105	,2019-10-29-14,2019-10-29,休斯敦火箭图集,6698088712	
207,艾弗森发图：上一次同时有3人赛季场均得分30+是在2006年！这也说明了曼巴有多强[good][good]#NBA吐槽大会# ​​​​,4432744589178854	,2019-10-29-14,2019-10-29,Micro篮球显微镜,7261074822	
208,"#NBA周最佳#【第一周最佳扣篮】小琼斯残暴隔扣、詹姆斯暴力战斧、波尔津机器单臂空接、浓眉哥恐怖劈扣、富尔茨一条龙劈扣…还有更多精彩扣篮，快来一起欣赏吧！

#NBA吐槽大会#  http://t.cn/Ai1ls7YN ​",4432744446512196	,2019-10-29-14,2019-10-29,Micro篮球显微镜,7261074822	
209,"一起了解开拓者队员——加索尔
问：谁是开拓者历史上最棒的西班牙裔🇪🇸球员？
答：费尔南多·马丁
#RipCity# #NBA新赛季2019# http://t.cn/Ai1lFFys ​",4432744387628588	,2019-10-29-14,2019-10-29,波特兰开拓者,3800482827	
210,最近的日子 上午看NBA 下午无聊自闭 死循环 ​,4432744283093489	,2019-10-29-14,2019-10-29,柠檬养乐多加椰果-,5637755424	
211,http://t.cn/Ai1lFRVm 单场罚进21球平历史纪录 哈登比肩布莱恩与马龙#bet9九州封号原因##BET8官网##酷游app##NBA##哈登# ​,4432744224743229	,2019-10-29-14,2019-10-29,无敌姚姚欣兰姵,5223452127	
212,#NBA# 北京时间10月29日，勇士客场134-123战胜鹈鹕，拿下本赛季首胜。追梦-格林拿下16分17篮板10助攻的三双，库里拿下26分11助攻，拉塞尔得到24分7篮板8助攻。 ​,4432744220033199	,2019-10-29-14,2019-10-29,正直的奔跑的蜗牛_1993,6501723823	
213,"#NBA吐槽大会# 快船主场111-96赢下黄蜂。
快船球员伦纳德出场30分钟得到30分7篮板6助攻。
截至本场比赛结束，伦纳德在代表新东家快船出场的前四场比赛中一共得到108分，分别是主场对阵湖人的30分；客场对阵勇士的21分；客场对阵太阳的27分和今天主场对阵黄蜂的30分。
这项数据目前排名快船队史第二，队 ​",4432744194808802	,2019-10-29-14,2019-10-29,篮球丶不说谎,6460180180	
214,"九州体育： 
. 
. 
. 
. 
. 
. 
http://t.cn/AiROWFK7的http://t.cn/Ai16yg6W 
依依说道，“指导老师你发现没有五大联赛实在是太赞了，这让叶落心情很不买球[威武]app[坏笑][悲伤][女孩儿] ​",4432744169571723	,2019-10-29-14,2019-10-29,正如爱在初夏,2818335841	
215,"#NBA##NBA吐槽大会# 赛季至今，哈登3场比赛一共出手40次三分，仅投进其中的6球。

本赛季，哈登场均得到29.3分4.7篮板8.7助攻，投篮命中率为28.6%，三分命中率为15%。 ​",4432744023312914	,2019-10-29-14,2019-10-29,专供小联赛,6131235196	
216,#NBA# 北京时间10月29日，快船主场111-96战胜黄蜂，莱昂纳德贡献30分7篮板6助攻，替补出战的路易斯-威廉姆斯拿下23分。 ​,4432743527909476	,2019-10-29-14,2019-10-29,正直的奔跑的蜗牛_1993,6501723823	
217,"首胜过后仍藏隐患    勇士距离重返胜轨尚有改进

西甲 阿拉维斯vs马德里竞技 主负0:1 0:2

在经历了两场惨败之后，勇士队终于在今天赢得了本赛季的首场胜利。然而，赢下赛季首胜并不意味着勇士队已经走上了正轨，现如今他们依旧需要面对不少问题。

本场比赛，主教练科尔又一次进行了变阵。他进一步降 ​",4432743464719947	,2019-10-29-14,2019-10-29,MR_z云哥说球,5940873366	
218,#NBA# 难道这就是是传说中的炮轰战术吗？[doge][doge]#Mix篮球# ​,4432743222012195	,2019-10-29-14,2019-10-29,Mix篮球,2677591423	
219,詹姆斯绝杀猛龙队! 绝杀的背后是詹姆斯15年NBA生涯努力的成果!http://t.cn/Ai1lkbdz @优酷 ​,4432743129252411	,2019-10-29-14,2019-10-29,南瓜头-leehom,2596373700	
220,#NBA十佳球##NBA零距离# 【 今日精彩十佳球】火热出炉！霍尔姆斯起飞双手挂筐、英格拉姆单手战斧隔扣2+1、大帝穿裆妙传西蒙斯反手上篮、范弗里特后撤步晃倒富尔茨三分飙中. ..排在首位则是恩比德单臂隔扣科林斯！  http://t.cn/Ai1lu24b ​​​,4432743087528849	,2019-10-29-14,2019-10-29,灌篮杂志,1719824734	
221,"#休斯顿火箭[超话]##NBA吐槽大会# 
火箭雷霆全场集锦

上一个视频上传出错了，导致后面没有声音

这个视频我已经亲自检验过啦 http://t.cn/Ai1lDu5E ​",4432742832293609	,2019-10-29-14,2019-10-29,休斯敦火箭图集,6698088712	
222,"老詹:球是圆的，没出界！我不认这个判罚
#NBA吐槽大会# http://t.cn/Ai1lDlTu ​",4432742701801309	,2019-10-29-14,2019-10-29,篮球必修课,3732856997	
223,"今日份靓仔[嘻嘻]

#富尔茨##NBA吐槽大会# ​",4432742274164715	,2019-10-29-14,2019-10-29,马克尔-富尔茨中文网,5864149934	
224,针对NBA火箭队总经理莫雷的错误言论，中国篮协宣布暂停与该队合作。一边享受丰厚利益，一边挑战原则底线，“吃中国还骂中国”的言辞令人匪夷所思，如何不引发愤怒？香港事务是中国内政，不容说三道四。事关大是大非，中国人一向态度鲜明：任何侵害国家利益的言行，都将为此付出代价。 ​​​​,4432741963462915	,2019-10-29-14,2019-10-29,香坊宣传,3105985427	
225,哈登今天40分，其中罚球22-21。#pac-12在nba# ​,4432741838280895	,2019-10-29-14,2019-10-29,PAC-12联盟,2616514075	
226,"险把东部豪强76人拉下马   老鹰新赛季真的要起飞？

英联杯 曼城VS南安普顿 让胜 3:0 4:0 5:0

在收获周最佳球员的这个夜晚，特雷·扬没能让球队继续取胜下去，但他和老鹰队的表现依然可圈可点。面对着拥有东部冠军实力的费城76人，老鹰一直战斗到最后时刻才以103比105惜败。

此役老鹰一开局便火力全开 ​",4432741628135475	,2019-10-29-14,2019-10-29,笨蛋足球,7012704993	
227,"今日上午08：00am 休士顿火箭队vs.俄克拉荷马雷霆队 James Harden和Russell Westbrook留下，联手轰下61分，助火箭以116：112守护胜利。James Harden轰下全场最高40分，但三分球14投仅中3；保罗16投4中拿15分，雷霆以Shai Gilgeous-Alexander22分最佳。
#nba吐槽大会[超话]# 
#休士顿火箭# 
#篮球# ​",4432741518842284	,2019-10-29-14,2019-10-29,娜娜子NANA赛事解说分析,3767546743	
228,nba常规赛，国王vs掘金，里乔恩-霍姆斯24分13篮板集锦  http://t.cn/Ai1lgQPC ​,4432741284175649	,2019-10-29-14,2019-10-29,艮寅体育,5280136755	
229,#旋猫今日集锦##NBA球员集锦##NBA吐槽大会#【20191029霍尔姆斯24分13板5前板2帽0失误，14中10，生涯最强一战！】霍尔姆斯作为终结者，本场比赛除了展现自己傲人的爆发力和弹跳，还有几次柔和的抛射在稍远位置回应掘金协防。  http://t.cn/Ai1lgvYf ​,4432740797467897	,2019-10-29-14,2019-10-29,旋猫,1665176985	
230,"加油，库里！

#库里##NBA# http://t.cn/Ai1ldgun ​",4432740730460255	,2019-10-29-14,2019-10-29,篮球热段子,5576388015	
231,#NBA周最佳#【第一周最佳扣篮】小琼斯残暴隔扣、詹姆斯暴力战斧、波尔津机器单臂空接、浓眉哥恐怖劈扣、富尔茨一条龙劈扣…还有更多精彩扣篮，快来一起欣赏吧！ http://t.cn/Ai1lddAX ​,4432740709213753	,2019-10-29-14,2019-10-29,NBA,1883881851	
232,"#NBA新赛季2019#天冷了要多吃吃火锅 
坦普尔毫不留情血帽艾伦 http://t.cn/Ai1ldrs4 ​",4432740705016167	,2019-10-29-14,2019-10-29,灌篮大风车,6090644987	
233,"【特雷-杨和唐斯当选首周东西部周最佳球员】
NBA官方公布第一周东西部最佳球员，老鹰队特雷-杨凭借场均38.5分7篮板9助攻，投篮命中率58.7 %，荣获东部最佳球员；森林狼队唐斯凭借32分13.3篮板5助攻3.抢断2盖帽，投篮命中率52.5%，荣获西部最佳球员。 ​#NBA吐槽大会# ​",4432740516363130	,2019-10-29-14,2019-10-29,篮球伪球迷,5309300303	
234,#新浪看点# NBA东西部最新排名！勇士首胜，76人三连胜，鹈鹕国王四连败垫http://t.cn/Ai1ldpvn ​,4432740461912535	,2019-10-29-14,2019-10-29,周小阳先生,1356168525	
235,格列兹曼去纽约看NBA，巴尔韦德：谢谢你告诉我这个消息，我还不知道 #巴萨# http://t.cn/Ai1ldy3s ​,4432740164543983	,2019-10-29-14,2019-10-29,梁宏业_北极ASD,1584970590	
236,"今日十四场比赛，开出六场单关[加油]

坚持就是胜利，有付出就有收获！#今日看盘# 

还在犹豫的兄弟，你确定继续观望吗？#足球蓝球# 

成功者之所以成功无非在于――坚持到底，永不放弃；而不成功不在于你不行，只是你懒得去做，懒得去坚持，懒得去奋斗！！！#竞彩推荐##NBA# ​",4432740134612575	,2019-10-29-14,2019-10-29,推个红单给你看,1882082457	
237,"#NBA# 
小卡这个拉杆，动作超级像乔丹logo![doge][doge] http://t.cn/Ai1lrBLi ​",4432739916673727	,2019-10-29-14,2019-10-29,模仿帝NBA视频集锦,5551558886	
238,"上赛季总冠军猛龙队范弗利特连续两记三分

#猛龙总冠军##NBA# http://t.cn/Ai1lr8Qz ​",4432739828913069	,2019-10-29-14,2019-10-29,篮球热段子,5576388015	
239,nba常规赛，雄鹿vs骑士，帕特-康诺顿17分集锦  http://t.cn/Ai1lrXBf ​,4432739615347348	,2019-10-29-14,2019-10-29,艮寅体育,5280136755	
240,#L7快讯# 早在今年2月 NBA 全明星期赛期间，洛杉矶街头品牌 ROKIT 携手 Nike 打造了 Nike Kyrie 5 “All Star” ，Kyrie Iring 本人也在全明星赛场上脚了这双鞋。此次双方再度联手，打造了全新 Nike Kyrie 5 “Welcome Home” 。详情请见：http://t.cn/Ai1lrMyr ​,4432739552323714	,2019-10-29-14,2019-10-29,龍柒SNEAKER,1919813345	
241,"今日十佳球
我王占据三席，还是不能赢球[允悲]

#nba吐槽大会##nba十佳球##勇士赛季首胜# http://t.cn/Ai1lrIhd ​",4432739539719928	,2019-10-29-14,2019-10-29,达龙福克斯资讯,5857169116	
242,"#NBA吐槽大会##库里超远三分#
#范乔丹#超远压哨三分球！伦纳德走之后，猛龙就靠“乔丹”和西亚卡姆了，继续加油吧！硬汉！ http://t.cn/Ai1lr5vh ​",4432739484693440	,2019-10-29-14,2019-10-29,天下篮球快报,6041830417	
243,"【今日NBA常规赛集锦：猛龙五人得分上双，104-95胜魔术】
魔术数据：埃文-富尼耶18分4篮板；乔纳森-艾萨克24分7篮板；尼古拉斯-武切维奇5分12篮板；马克尔-富尔茨13分。
猛龙数据：帕斯卡尔-西亚卡姆24分9篮板；OG-阿奴诺比12分8篮板；凯尔-洛瑞26分5篮板6助攻；马克-加索尔10分10篮板。  ​",4432739366897111	,2019-10-29-14,2019-10-29,体彩,5979541214	
244,"【保罗重返休士顿 哈登40分联手卫少击退雷霆】

       转队后首度回到休士顿，成为雷霆队指挥官的明星后卫保罗今天得到火箭队主场球迷热烈欢迎，不过最终胜利仍是由火箭队的「MVP」组合哈登和卫斯特布鲁克留下，联手轰下61分，助火箭以116：112守护胜利。

       保罗效力火箭两个球季，和哈登组成的 ​",4432739363507582	,2019-10-29-14,2019-10-29,老铁说球一路红,5315833402	
245,"NBA扣篮大赛史上利用道具扣篮最棒的几个扣篮！！

#Mix篮球##NBA#   http://t.cn/RRR8lkK ​",4432738977072214	,2019-10-29-14,2019-10-29,Mix篮球,2677591423	
246,"科比-梅西？里奥-布莱恩特？
梅西是NBA第二高81分得主，科比：啥？
#当科比遇到梅西##梅西[超话]##科比[超话]# ​",4432738935295978	,2019-10-29-14,2019-10-29,湖人官网,2305162912	
247,不懂为啥还有看NBA买巴黎世家杜嘉班纳ANTI SOCIAL 喝coco一点点的人[摊手][摊手] ​,4432738909754757	,2019-10-29-14,2019-10-29,要gay里gay气_,6005663737	
248,@新浪NBA 解封了？#休斯敦火箭##莫雷必须道歉# ​,4432738872936965	,2019-10-29-14,2019-10-29,freemanJ,2707522527	
249,要不是看头像，还真认不出是霍华德~~~[允悲]#nba比赛日# #万圣节妆容# http://t.cn/Ai1lBczg ​,4432738763189356	,2019-10-29-14,2019-10-29,篮球主页,6450545360	
250,"#休斯顿火箭# #NBA[超话]# 
【赛后采访】德安东尼教练 🎤
“同时拥有威少和哈登让人兴奋。这也是我们今年的核心，所有一切都是基于他们建立的。威少的攻框能力和视野，在刚才那种情况下传球给底角PJ。塔克估计已经爱上他了，这次要是塔克请威少吃饭去了，因为威少每次都能在底角空位时找到塔克。我也 ​",4432738692197728	,2019-10-29-14,2019-10-29,休斯顿火箭,3802896629	
251,发布了头条文章：《掘金队加里哈里斯：我们在第三节力挽狂澜，逼迫对手远离舒适区》 #NBA# #篮球# http://t.cn/Ai1lB7Zh ​,4432738591615147	,2019-10-29-14,2019-10-29,幕木说体育,6674628614	
252,nba季前赛一个人若总是患得患失，便无法获得片刻安宁，一个人若总是向外寻找，西班牙人便永远看不到自己的本心。卢多戈雷茨岁月本长，而忙者自促，风花雪月本闲，而扰攘者自冗。世间诱惑很多，外人评价很杂，能够不为所动，谨守初心的人，才是真正内心强大的人迈阿密热火休斯敦火箭布鲁克林篮网VS多伦 ​,4432738465177468	,2019-10-29-14,2019-10-29,脆弱的鸡毛炒蒜皮2008,6129992670	
253,超实用过人妙招！接球试探步+反方向运球：街球的一瞬间做出试探步，随后朝反方向运球突破，掌握好节奏、动作的幅度和运球时机，过人突破手到擒来！#教你打球##3x3黄金联赛# http://t.cn/Ai1l11DS ​,4432738440246535	,2019-10-29-14,2019-10-29,声色NBA,2022171303	
254,"一直想复盘#欧文[超话]# 这两个球，一个是这赛季初50分那场，一个连续变向后撤三分，另一个是面对一哥严防死守的连续变向突入内线。

可以看到两个球都是由连续的胯下衍生而来，我在结尾特意做了慢放，可以跟着学一下，这个胯下的幅度太大，变化的瞬间也太快。

最近美国媒体评选的#NBA[超话]# 现役十 ​",4432738348010516	,2019-10-29-14,2019-10-29,南城德鲁,2480679545	
255,nba常规赛，猛龙vs魔术，乔纳森-艾萨克24分7篮板集锦  http://t.cn/Ai1l1Tfl ​,4432738322785189	,2019-10-29-14,2019-10-29,艮寅体育,5280136755	
256,国外职业扣将Jonathan Clark2019年最新暴扣混剪，各种高难度炸框表演保证震撼你的视觉神经！#高光时刻# #3x3黄金联赛# http://t.cn/Ai1lUEWN ​,4432738192681417	,2019-10-29-14,2019-10-29,新浪NBA,1736329970	
257,【欧文vs灰熊37+7+7+2+1集锦】北京时间10月28日，篮网以133-134客场加时负于灰熊的比赛中，欧文得到37分7个篮板7次助攻。算上前2场的50分和26分，欧文在加盟篮网的前3场共得到113分。据美媒统计，欧文前3场得分在NBA历史上高居第2，仅次于威尔特-张伯伦。http://t.cn/Ai19Y1Go ​,4432738188769864	,2019-10-29-14,2019-10-29,新浪体育视频,1271638160	
258,http://t.cn/Ai33fWdE的http://t.cn/Ai336TIk进行王者荣耀，3我的起源，和平精英，英雄联盟，阴阳师，刀塔2，狼人杀，我的世界，魔兽争霸3，欢乐斗地主 血战麻将控制的。守望先锋，火箭联盟，NBA2K遇到一个爱你的人和你爱的人，炉石传说对决，星际争霸李亚样的话会让女友觉得你很在 ​,4432737861761539	,2019-10-29-14,2019-10-29,侃侃牙,1194324094	
259,"#库里被评选为年度关键先生和最难防守的球员# 

北京时间10月29日，据NBA记者肖恩-德威尼报道，勇士队常规赛揭幕战负于快船队的比赛中，斯蒂芬-库里和帕特里克-贝弗利之间有一段有趣的垃圾话对喷。

那场比赛，快船在客场以141-122战胜勇士队。比赛的最后阶段，据一位知情人士透露，快船队的贝弗利在场 ​",4432737790712279	,2019-10-29-14,2019-10-29,JBO竞博西甲,6514148295	
260,"#NBA# NBA官方公布了本赛季常规赛第一周东西部最佳球员。

老鹰球员特雷-杨和森林狼球员卡尔-安东尼-唐斯分别当选了东西部最佳球员。 ​",4432737773092415	,2019-10-29-14,2019-10-29,足篮彩推荐网,6548548367	
261,半个月前中国人咬牙切齿不再看火箭（包括火蜜），再看看现在，为什么莫雷言论的热度就维持那么几天？那种咬牙切齿就像钓鱼岛游行一样，显然大家爱的不是国，爱的是那种热闹的气氛，那种排面和气势。#nba吐槽大会##库里# ​,4432737425933498	,2019-10-29-14,2019-10-29,剑桥大学研究生,3757208040	
262,#NBA零距离# 火箭今在主场迎战雷霆，本季转战火箭的球星布鲁克首次和前东家碰头，不过对上待了10年的老东家雷霆，布鲁克不手软豪取20分、12 篮板和9助攻，加上大胡子哈登）22罚21中、狂轰40分，双核心领军116：112赢球，收下开季2连胜。#火箭VS雷霆# ​,4432737336939875	,2019-10-29-14,2019-10-29,yobet新闻,5102514365	
263,"周二竞彩足球篮球
⚽️开售德国杯西甲等14场赛事
🏀 开售NBA等5场赛事
关注拜仁 巴萨 曼城等豪门，最早开赛18点日职 广岛三箭🆚浦和红钻 ​",4432737332972540	,2019-10-29-14,2019-10-29,张焕勇,1442376490	
264,#莱昂纳德# 这个拉杆，像极了#乔丹# #nba# #篮球# #nba吐槽大会# http://t.cn/Ai1l3VEC ​,4432737311714528	,2019-10-29-14,2019-10-29,篮球ing进行时,1775615335	
265,#旋猫今日集锦##NBA球员集锦##NBA吐槽大会#【20191029莱昂纳德30分7板6助2断3帽2失误，18中10】这场直接碾着对位人打的单挑型打法不太好搞了，布里吉斯是体型对抗各方面不吃亏的球员，下半场小卡用少见的连续挡拆统治了进攻。  http://t.cn/Ai1l32OZ ​,4432737174071653	,2019-10-29-14,2019-10-29,旋猫,1665176985	
266,nba常规赛，活塞vs步行者，克里斯蒂安-伍德19分12篮板集锦  http://t.cn/Ai1l3An4 ​,4432737165111582	,2019-10-29-14,2019-10-29,艮寅体育,5280136755	
267,"打过球的人都应该这样练过球吧[思考]
#NBA吐槽大会##篮球技巧教学# http://t.cn/Ai1lusbw ​",4432737068415655	,2019-10-29-14,2019-10-29,篮球必修课,3732856997	
268,"#nba吐槽大会# #nba周最佳# NBA官方公布了新赛季首周的东西部最佳球员，亚特兰大老鹰特雷-杨和明尼苏达森林狼的卡尔-安东尼-唐斯分别当选。

上周唐斯具体数据

10月24日战篮网36分14篮板3助攻3抢断3封盖

10月26日战黄蜂37分15篮板8助攻4抢断2封盖

10月28日战热火23分11篮板4助攻2抢断1封盖

上周特 ​",4432736926219302	,2019-10-29-14,2019-10-29,天下篮球快报,6041830417	
269,太刺激了！！！2011年卡特与杜兰特上演绝杀&反绝杀[doge]#勇士赛季首胜# #nba比赛日# http://t.cn/Ai1luEJg ​,4432736905202534	,2019-10-29-14,2019-10-29,篮球主页,6450545360	
270,"今日，ESPN官方公布消息称，篮网球员凯文-杜兰特将在本周四（北京时间10月31日晚）参加ESPN的体育脱口秀节目First Take。

该节目是由美国知名体育评论员Stephen A.Smith领衔，Molly Qerim担任主持人，篮球分析师Max Kellerman为常驻嘉宾。

本期节目杜兰特将谈论关于伤病回归以及为何离开湾区等话题。 ​",4432736846138840	,2019-10-29-14,2019-10-29,篮网动态,6583241347	
271,"#NBA# 
左手魔术师奥多姆[doge][doge] http://t.cn/Ai1lu0dS ​",4432736791959772	,2019-10-29-14,2019-10-29,模仿帝NBA视频集锦,5551558886	
272,#nba吐槽大会# #詹姆斯[超话]# #范乔丹晃倒富尔茨# NBA30支球队基本已经打完3场比赛了，各队都有出色的发挥，但总有那么几个人是非常突出的！ http://t.cn/Ai1luypf ​,4432736591243885	,2019-10-29-14,2019-10-29,天下篮球快报,6041830417	
273,"#NBA Style##新潮时刻#
😮 冬日黑白灰过于沉闷？彩色穿搭我们已经为大家准备好啦！
🙈 蓝色活力清新，粉色温柔洋气，黄色亮眼时尚，哪个颜色是你的最爱呢？
🔗 来天猫NBA Style旗舰店选购潮流单品，过一个彩色秋冬吧：http://t.cn/Ai1luLoh ​",4432736469033665	,2019-10-29-14,2019-10-29,NBAStyle,5094067625	
274,#NBA十佳球# 今日精彩十佳球火热出炉！霍尔姆斯起飞双手挂筐、英格拉姆单手战斧隔扣2+1、大帝穿裆妙传西蒙斯反手上篮、范弗里特后撤步晃倒富尔茨三分飙中. ..排在首位则是恩比德单臂隔扣科林斯！一起来欣赏今日精彩十佳球！  http://t.cn/Ai1lu24b ​,4432736452217917	,2019-10-29-14,2019-10-29,NBA,1883881851	
275,"金特里：
“我一直都知道英格拉姆是出色的球员，所以我对他的表现并不惊讶。”#nba##新奥尔良鹈鹕# ​",4432736142373443	,2019-10-29-14,2019-10-29,球哥Lonzo_Ball,5742903834	
276,"快船111黄蜂96全场集锦，中午有事更新的晚了[傻眼][傻眼][傻眼]

#洛杉矶快船##NBA新赛季2019# http://t.cn/Ai1lmHU2 ​",4432736125565254	,2019-10-29-14,2019-10-29,快船中文网,2267233611	
277,"赛后塔克与保罗叙旧

#休斯顿火箭# #NBA# #克里斯保罗[超话]# ​",4432736074464858	,2019-10-29-14,2019-10-29,休斯顿火箭动态,6231522929	
278,#勇士赛季首胜# #nba比赛日# 你在幼儿园时，有这位小女孩的双手控球稳吗？[doge]  http://t.cn/Ai1lmOYm ​,4432736061853388	,2019-10-29-14,2019-10-29,篮球主页,6450545360	
279,"#NBA[超话]# 周最佳：老鹰特雷-杨和森林狼唐斯
今日NBA官方公布了第一周东西部周最佳球员，老鹰后卫特雷-杨和森林狼前锋卡尔-安东尼-唐斯当选。

唐斯在本周带领森林狼取得3胜0负的战绩，场均上场33.7分钟，得到32.0分13.3篮板5.0助攻3.00抢断2.00盖帽，投篮命中率为52.5%，三分命中率为51.7%。

杨在 ​",4432735852169118	,2019-10-29-14,2019-10-29,武汉-胡琴芬,1566435243	
280,#NBA赛事回顾# 【@底特律活塞 96-94@印第安纳步行者 】活塞队结束两连败，德拉蒙德18分18篮板，肯纳德14分4助攻，克里斯蒂安-伍德替补出场贡献19分12篮板；步行者遭遇开季三连败，小萨博尼斯21分14篮板，沃伦19分5篮板5抢断，布罗格登15分8篮板11助攻。 http://t.cn/Ai1lmZHH ​,4432735676702513	,2019-10-29-14,2019-10-29,NBA,1883881851	
281,"#NBA东西部周最佳球员# 

北京时间10月29日，NBA公布了上周的东西部最佳球员，老鹰队的特雷-杨和森林狼队的卡尔-安东尼-唐斯分别当选。

特雷-杨上周带领老鹰取得2胜0负，他场均得到38.5分，9次助攻和7个篮板，投篮命中率和三分命中率分别为58.7%和55%。

唐斯本赛季开局的表现非常强势，他带领森林狼 ​",4432735542372916	,2019-10-29-14,2019-10-29,JBO竞博西甲,6514148295	
282,#万圣节#来了，霍华德打扮成了“灭霸“[允悲]#NBA吐槽大会# http://t.cn/Ai1lnYtC ​,4432735369733641	,2019-10-29-14,2019-10-29,湖人情报员,6152305826	
283,NBA常青树马龙大叔“稳定”得有点可怕，一双袜子要穿一年…… #体育与旅行# ​,4432735290121369	,2019-10-29-14,2019-10-29,Andyyyyyyao,3316168873	
284,"虽然但是，nba我救不回来了…跟上海场一样[拜拜]
这么想想上海真是噩梦[允悲][允悲]
运动会不要重蹈覆辙！
💪 ​",4432735244681667	,2019-10-29-14,2019-10-29,没吃的活不了了了了了了,1938404340	
285,五大联赛，欧冠，NBA，网球，斯诺克，在中国都有成千上万的忠实粉丝，如果因为几句淡话就要求大家从此非礼勿视，非礼勿听，非礼勿言，非礼勿动，是不可取的。游泳池中，难免会有人小遗，一般情况下，并不会因此就关闭了事 ? ​,4432735084671540	,2019-10-29-14,2019-10-29,买-球点击评论注-册链接p8,5219639310	
286,"10月28日推荐总结：公推3连红!足球私推首单2场全红(各赢半),后续追加两场挂了,早上补的NBA红～回血。NBA分享两场全红! ​",4432735013559405	,2019-10-29-14,2019-10-29,易鸿说球,5856322119	
287,#新浪看点# 若不是身高限制，NBA可能就有2位篮球之神！http://t.cn/Ai1lnU8J ​,4432735005157106	,2019-10-29-14,2019-10-29,美食小菲,2183817117	
288,不看不听NBA 管你是大咖还是名嘴，只要是跟NBA有关系的全都取消关注！！！！ http://t.cn/Ai1lED47 ​,4432734816498092	,2019-10-29-14,2019-10-29,毛豆他哥们_力挺华为,1281180340	
289,"NBA公布了上周的东西部#最佳球员#，老鹰队的#特雷-杨#和森林狼队的卡尔-安东尼-唐斯分别当选。
特雷-杨上周带领老鹰取得2胜0负，他场均得到38.5分，9次助攻和7个篮板，投篮命中率和三分命中率分别为58.7%和55%。
老鹰战胜活塞的比赛，特雷-杨得到38分7篮板9助攻。之后战胜魔术那场，杨得到39分7篮板9助 ​",4432734640057774	,2019-10-29-14,2019-10-29,,6573508368	
290,"#nba新赛季2019# 开赛第一周的最佳运球和过人混剪,各种技能包！  http://t.cn/Ai1lEp0O ​",4432734551999818	,2019-10-29-14,2019-10-29,小二侃球,2537085055	
291,#新浪看点# 若不是身高限制，NBA可能就有2位篮球之神！http://t.cn/Ai1lnU8J ​,4432735005157106	,2019-10-29-14,2019-10-29,美食小菲,2183817117	
292,不看不听NBA 管你是大咖还是名嘴，只要是跟NBA有关系的全都取消关注！！！！ http://t.cn/Ai1lED47 ​,4432734816498092	,2019-10-29-14,2019-10-29,毛豆他哥们_力挺华为,1281180340	
293,"NBA公布了上周的东西部#最佳球员#，老鹰队的#特雷-杨#和森林狼队的卡尔-安东尼-唐斯分别当选。
特雷-杨上周带领老鹰取得2胜0负，他场均得到38.5分，9次助攻和7个篮板，投篮命中率和三分命中率分别为58.7%和55%。
老鹰战胜活塞的比赛，特雷-杨得到38分7篮板9助攻。之后战胜魔术那场，杨得到39分7篮板9助 ​",4432734640057774	,2019-10-29-14,2019-10-29,,6573508368	
294,"#nba新赛季2019# 开赛第一周的最佳运球和过人混剪,各种技能包！  http://t.cn/Ai1lEp0O ​",4432734551999818	,2019-10-29-14,2019-10-29,小二侃球,2537085055	
295,说出你的答案！上还是下会赢？#NBA吐槽大会# ​,4432734523244234	,2019-10-29-14,2019-10-29,吹杨Trae-Young,5840406201	
296,"米尔斯发推：怀揣着对银与黑的热爱，通过一些重要的胜利来开启新赛季[心]

#NBA吐槽大会# ​",4432734434504121	,2019-10-29-14,2019-10-29,马努-吉诺比利Manu,5533010788	
297,"今日NBA常规赛 『洛杉矶快船』VS 『夏洛特黄蜂』
『洛杉矶快船』111-96『夏洛特黄蜂』，由快船拿下本场胜利
#篮球推荐#
#nba吐槽大会#
#nba常规赛#
#nba新赛季2019#  http://t.cn/Ai1lRhgy ​",4432733457444536	,2019-10-29-14,2019-10-29,熊宝贝说球,5979034612	
298,#新浪看点# 年轻时候的朱芳雨不是不想去美国，而是NBA球队的态度令他很不爽http://t.cn/Ai1lRvQL ​,4432733428014353	,2019-10-29-14,2019-10-29,美食小菲,2183817117	
299,"#字母哥# 14+10#乐福# 15+16 #雄鹿# 主场轻取骑士
北京时间10月29日，NBA常规赛再战一场，雄鹿主场129-112轻松战胜骑士，取得了赛季第二场胜利。

雄鹿队扬尼斯-安特托昆博得到14分10篮板7助攻2封盖，米德尔顿21分8篮板，乔治-希尔19分8篮板。骑士队方面乐福得到15分16篮板，汤普森17分13篮板，塞克斯 ​",4432733377969784	,2019-10-29-14,2019-10-29,少女妮的奇幻漂流,7183634068	
300,大师跟我说，早上魔术黑了他一个5c1，最近连续一红一黑，十分让人生气。他需要冷静一下，今晚没有NBA了。不过足球有6场单关，怎么搞呢[阴险] ​,4432732895296771	,2019-10-29-14,2019-10-29,叶川看球,5904536743	
301,"#NBA零距离#
扣篮时刻精彩剪辑[good][good][good]
#我要打篮球##体育##nba吐槽大会# http://t.cn/Ai1l8JxC ​",4432732882953609	,2019-10-29-14,2019-10-29,篮球奇葩说,6112940583	
302,呃，好像可以看NBA了啊，就我一人在这不看呢啊。微博上咋都如火如荼的 ​,4432732740256750	,2019-10-29-14,2019-10-29,我打算叫一个很长的名字,1653310935	
303,加州烈火熊熊肆虐！全州进入紧急状态！加州告急苦不堪言！NBA球星詹姆斯，好莱坞影星施瓦辛格，漫威神盾局“寇森”扮演者克雷格都撤了。过去两周内，加州爆发了9场野火。烧毁数万英亩土地，超过18万人撤离，数百万人断电......火势火点依然未得到有效控制，那里如同炼狱。 [泪] [泪] ​,4432732727340938	,2019-10-29-14,2019-10-29,年轻的布拉格,3213018421	
304,#NBA花絮#【卡特赛前热身】22载驰骋沙场！卡特赛前热身，老鹰主场迎战76人比赛！   http://t.cn/Ai1Ocv9d ​,4432732534426677	,2019-10-29-14,2019-10-29,NBA梦工厂,6081541999	
305,"【特雷-杨和唐斯当选首周东西部周最佳球员】
NBA官方公布第一周东西部最佳球员，老鹰队特雷-杨凭借场均38.5分7篮板9助攻，投篮命中率58.7 %，荣获东部最佳球员；森林狼队唐斯凭借32分13.3篮板5助攻3.抢断2盖帽，投篮命中率52.5%，荣获西部最佳球员。 ​",4432732513744995	,2019-10-29-14,2019-10-29,慈善赌王V,2013060792	
306,不管隔多久，看多少遍都觉得太强了，勇士的超级连线！！ #库里##杜兰特##NBA吐槽大会# http://t.cn/Ai1lQs7T ​,4432732501131799	,2019-10-29-14,2019-10-29,篮球会发光,3237593591	
307,"#NBA吐槽大会# 福布斯谈险些被逆转：我们打得很坚韧

  在今天结束的一场常规赛比赛中，马刺主场113-110击败了开拓者。赛后，福布斯接受了采访。

谈及球队险些被开拓者完成大逆转，福布斯表示：“我们表现得非常坚韧，今年会经历一些这样的比赛。我们位于西部，这里有许多极具天赋的球队。也许我们面 ​",4432732404323106	,2019-10-29-14,2019-10-29,马努-吉诺比利Manu,5533010788	
308,#NBA花絮# 勇士客场挑战鹈鹕的比赛，库里赛前扣篮热身备战。   http://t.cn/Ai1OXZtU ​,4432732232811960	,2019-10-29-14,2019-10-29,NBA梦工厂,6081541999	
309,18点，韩国KBL，仁川东土大象vs高阳猎户座，继续硬货安排一场！上车！今天最后一场推荐了！然后坐等明日NBA了 ​,4432732141038014	,2019-10-29-14,2019-10-29,鹏哥侃球,5692002374	
310,"截止今日最新东西部球队排行榜

#NBA# #休斯顿火箭# ​",4432732123737365	,2019-10-29-14,2019-10-29,休斯顿火箭动态,6231522929	
311,"NBA》三大主因解析勇士从冠军队到落水狗

勇士近5年4度拿下季后赛西部头号种子，且连5季杀入总冠军赛，拿下3座金杯。但今夏杜兰特，伊古达拉和卡森斯等一票主力离队，加 上K.汤普森因伤缺阵，全队仅剩柯瑞独挑大梁，导致过去擅长的跑轰体系瓦解，加上防守涣散，开季连2战大败而归。

 勇士前2战一共输 ​",4432732014660086	,2019-10-29-14,2019-10-29,菲五大联赛,7298650694	
312,#NBA赛事回顾#【@密尔沃基雄鹿 129-112@克利夫兰骑士 】雄鹿主场轻取骑士，雄鹿队字母哥14分10篮板7助攻2封盖，米德尔顿21分8篮板，乔治-希尔19分8篮板；骑士队方面乐福15分16篮板，汤普森17分13篮板，塞克斯顿18分。 http://t.cn/Ai1lQIds ​,4432731897172864	,2019-10-29-14,2019-10-29,NBA,1883881851	
313,#NBA新赛季2019# 【大帝穿裆妙传西蒙斯】双帝另类连线！大帝罚球线持球单打，踉踉跄跄险些摔倒，但灵机一动一个裆下隐蔽的妙传助攻西蒙斯上篮命中！#NBA零距离##76人vs老鹰#   http://t.cn/Ai1OODoK ​,4432731586755001	,2019-10-29-14,2019-10-29,NBA梦工厂,6081541999	
314,"看我主页置顶博文！
篮球明星里最有影响力的几位#詹姆斯[超话]#  爱豆们想不想拥有！
科比签名照片！库里签名照片！詹姆斯签名照片！等 NBA明星！ 签名球衣！签名篮球！！
有兴趣的人，留言！！让我看见你！[羞嗒嗒][羞嗒嗒][羞嗒嗒][羞嗒嗒] 可签TO！！！
（有各类明星签名物品！均由“吴伟TD”提供！ ​",4432731129689608	,2019-10-29-14,2019-10-29,之叔,6738403532	
315,#NBA零距离#【莺歌翻身跳投】姿势美如画！英格拉姆一个转身拉开投篮空间，轻松后仰跳投命中！#勇士vs鹈鹕#  http://t.cn/Ai1ORcCq ​,4432731054005848	,2019-10-29-14,2019-10-29,NBA梦工厂,6081541999	
316,这篇文章很有意思>>《灯泡比赛纠缠在一起，保罗采访暗示哈登不真诚，哈登：啥事没有》  http://t.cn/Ai1lTkGW #NBA吐槽大会##哈登威少矛盾# ​,4432730891163071	,2019-10-29-14,2019-10-29,科科按沙漏,3480075702	
317,#乐动体育# #NBA[超话]# 特雷-杨和唐斯当选首周东西部周最佳球员。 ​,4432730890864413	,2019-10-29-14,2019-10-29,乐动躰育,3887081578	
318,"NBA-休斯顿火箭队VS.俄克拉荷马雷霆队的精采集锦！！
#nba吐槽大会[超话]#  
#休士顿火箭#  
#俄克拉荷马雷霆#  http://t.cn/Ai1lTnxi ​",4432730765336081	,2019-10-29-14,2019-10-29,娜娜子NANA赛事解说分析,3767546743	
319,#NBA零距离#【拉文2+1】马尔卡宁抢下篮板长传前场拉文，拉文加速杀入禁区空中闪躲出手2+1漂亮打进！#公牛vs尼克斯#  http://t.cn/Ai1OEMcK ​,4432730748033988	,2019-10-29-14,2019-10-29,NBA梦工厂,6081541999	
320,#NBA零距离# 【#米切尔罚球绝杀太阳#】爵士与太阳战至最后7秒，两队95平，米切尔突破造成布克犯规，走上罚球线2罚1中绝杀太阳！#爵士vs太阳#  http://t.cn/Ai1lV9w9 ​​​,4432730693764278	,2019-10-29-14,2019-10-29,Basketball热点,6883405431	
321,#NBA周最佳# 【第1周东部最佳球员：特雷-杨】上周特雷-杨场均上场33.7分钟，得到38.5分7篮板9助攻，投篮命中率52.5%，三分命中率为51.7%，率领老鹰获得2胜0负战绩，成为新赛季首周东部最佳球员，这也是吹杨生涯第二次荣膺周最佳球员！ http://t.cn/Ai1lMJ2u ​​​,4432730672740092	,2019-10-29-14,2019-10-29,吹杨Trae-Young,5840406201	
322,#NBA集锦#【尼克斯vs公牛高清集锦】北京时间10月29日，公牛遭遇“黑色3分钟”，在最后3分钟领先8分的情况下被翻盘，客场以98-105不敌尼克斯。尼克斯结束三连败，新赛季首次胜出。公牛二连败。两队上一场命运相似，都是在主场揭幕，结果都失利，败给了实力在他们之上的东部球队。  http://t.cn/Ai1WHikY ​,4432730643310557	,2019-10-29-14,2019-10-29,声色NBA,2022171303	
323,落选秀晃倒状元！大家都是乔丹，应该也没什么不同！这球像极了当年经典的“The Last Shot”！#范乔丹# #NBA吐槽大会# #每日一骚# http://t.cn/Ai1lTOgg ​,4432730643151001	,2019-10-29-14,2019-10-29,哈说ball道,1196213593	
324,Michael Jordan - Air Jordan ！长篇回顾迈克尔-乔丹职业生涯，收录超多乔丹经典时刻！篮球之神的表演，码住慢慢看！#高光时刻# via@篮球回忆 http://t.cn/AiQQ109B ​,4432730642859816	,2019-10-29-14,2019-10-29,新浪NBA,1736329970	
325,"【NBA／为何不让柯瑞多单打  勇士教头这么说】

金州勇士开季状态低迷，目前吞下了2连败，而在季前众人所预估Stephen Curry#库里[超话]# 会在本季大爆发的戏码也没有发生，反倒是外线手感有些冰冷。对此总教练Steve Kerr做出回应，他直言自己不打算让Curry每球都单打，另外也透漏了其中的原因。

今年 ​",4432730642859195	,2019-10-29-14,2019-10-29,NOWnews今日新闻,1732112365	
326,【“榜眼”莫兰特vs篮网30+9+4+1+1实录】北京时间10月28日，灰熊在主场通过加时以134-133险胜篮网。灰熊的榜眼控卫贾-莫兰特首发出场32分钟，22投13中，得到30分和9次助攻，外加4个篮板、1次抢断和1次盖帽，莫兰特成为了NBA历史上第三位在职业生涯前3场比赛里就打出一场30分和9助攻的球员。 ​,4432730638661719	,2019-10-29-14,2019-10-29,新浪体育视频,1271638160	
327,nba常规赛，快船vs黄蜂全场集锦  http://t.cn/Ai1lT9kn ​,4432730584278234	,2019-10-29-13,2019-10-29,艮寅体育,5280136755	
328,#NBA新赛季2019# 【特雷-杨全场长传破紧逼】如何破全场防守？特雷-杨现场教学！杨底线接球遭遇全场紧逼，但他气定神闲一记四分卫长传斜角精确地给到了篮下的林恩，后者吃饼扣篮得手。#NBA零距离##76人vs老鹰#  http://t.cn/Ai1OEYWI ​,4432730563510870	,2019-10-29-13,2019-10-29,NBA梦工厂,6081541999	
329,nba常规赛，马刺vs开拓者，CJ-麦科勒姆27分3篮板5助攻集锦  http://t.cn/Ai1lTJPj ​,4432730479403472	,2019-10-29-13,2019-10-29,艮寅体育,5280136755	
330,#NBA零距离#【斯佩尔曼补扣】拉塞尔三分远投不中，斯佩尔曼腾空而起完成双手补扣！#勇士vs鹈鹕# http://t.cn/Ai1O38o2 ​,4432730391310692	,2019-10-29-13,2019-10-29,NBA梦工厂,6081541999	
331,#NBA赛事回顾# 【@金州勇士 134-123@新奥尔良鹈鹕 】第三节结束时勇士便已经确立了24分的领先优势，最终以134-123轻取鹈鹕，取得本赛季首胜的同时送给对手四连败。此役，库里砍下26分11助攻，格林16分17篮板10助攻，拉塞尔24分7篮板8助攻，达米安-李生涯新高23分11篮板。鹈鹕方面，英格拉姆27分10篮板6 ​,4432730382896959	,2019-10-29-13,2019-10-29,NBA,1883881851	
332,#NBA零距离#【字母哥暴扣】神兽发威！字母哥一路坦克辗压杀入禁区，篮下弹开防守，篮下起飞双手炸扣！#骑士vs雄鹿#  http://t.cn/Ai1OdhEK ​,4432730110391142	,2019-10-29-13,2019-10-29,NBA梦工厂,6081541999	
333,"这两个阵容PK，以他们为核心打一波系列赛你觉得谁能赢[doge]

#NBA# http://t.cn/Ai1lY8gm ​",4432730005428665	,2019-10-29-13,2019-10-29,斯哥侃球,6040159096	
334,#篮球#MVP颁奖现场的一个细节，力证NBA真的已经变味了 http://t.cn/Ai1lYlbb ​,4432729925524085	,2019-10-29-13,2019-10-29,小嘴说体坛,6179910516	
335,#NBA新赛季2019# 【大帝连续砍分】理查德森上篮不中，恩比德抢下篮板篮下小转身打成2+1！随后76人推反击，顶弧三分扬手飚中。#NBA零距离##76人vs老鹰#  http://t.cn/Ai1OdxY2 ​,4432729879533883	,2019-10-29-13,2019-10-29,NBA梦工厂,6081541999	
336,"今日NBA常规赛 『菲尼克斯太阳』VS 『犹他爵士』
『菲尼克斯太阳』95-96『犹他爵士』，由爵士拿下本场胜利
关键时刻『米切尔』单打罚球绝杀，爵士米切尔0.4秒罚球绝杀，关键时刻单打切入造成对手犯规，罚球拿下本场比赛
#篮球推荐#
#nba吐槽大会#
#nba常规赛#
#nba新赛季2019#  http://t.cn/Ai1lY9sz ​",4432729845885779	,2019-10-29-13,2019-10-29,熊宝贝说球,5979034612	
337,这个比分有点意思哈。难道是针对波波维奇？#马刺vs开拓者##波波维奇称赞肖华##NBA# ​,4432729472665031	,2019-10-29-13,2019-10-29,大家翀ya,5459359899	
338,"#nba经典回顾# #NBA吐槽大会#
【23vs24】属于詹密和科密的经典对决，当年的小皇帝詹姆斯大战科比，这场比赛两人有一个拿到了41分，你知道是谁吗？ http://t.cn/Ai1ljkmK ​",4432729418398373	,2019-10-29-13,2019-10-29,天下篮球快报,6041830417	
339,#旋猫今日集锦##NBA球员集锦##NBA吐槽大会#【20191029恩比德36分13板5助3断1帽7失误，19中12，10罚10中】比较典型的大帝式输出，单挑扛起海量球权，失误不少但破坏力惊人，科林斯6犯，琼斯6分钟4犯。  http://t.cn/Ai1ljrV5 ​,4432729350965182	,2019-10-29-13,2019-10-29,旋猫,1665176985	
340,#NBA[超话]# 【赛果】今日NBA常规赛赛果。[思考]（另：红队今天又赢了。） ​,4432729296709116	,2019-10-29-13,2019-10-29,Eternity-_,3525283850	
341,http://t.cn/Ai1ljEWw 米契尔致胜罚球 爵士客场险胜太阳#酷游app##酷游ku##酷游官方网址##NBA# ​,4432729271956794	,2019-10-29-13,2019-10-29,我会很快乐-盈希,1783463047	
342,#NBA零距离# 【范弗里特连中三分】范弗里先是迎着富尔茨防守漂移压哨三分命中，随后他又后撤步晃倒富尔茨防守投进弧顶三分。#魔术vs猛龙#   http://t.cn/Ai1WPBn8 ​,4432729158040775	,2019-10-29-13,2019-10-29,NBA梦工厂,6081541999	
343,nba常规赛，火箭vs雷霆，谢伊-吉尔杰斯-亚历山大22分9篮板4助攻集锦  http://t.cn/Ai1lj6EA ​,4432729020525982	,2019-10-29-13,2019-10-29,艮寅体育,5280136755	
344,"KD：想在生涯的最后一年出国打球

“我真的想在最后一年出国打球。在巴塞罗那。总有一天我会的。我的意思是，这（西班牙联赛）是世界上第二好的联赛。欧洲联赛的比赛看起来很有趣。我不知道我是否会真的会这样做，但如果能够去体验一下的话将会很酷。”

#About KD##nba吐槽大会# http://t.cn/Ai1ljVUk ​",4432728931500542	,2019-10-29-13,2019-10-29,关于杜兰特,7034939068	
345,#NBA零距离#【罗斯关键上篮】第四节最后时刻活塞落后一分，罗斯杀入篮下上篮得手，帮助球队反超！#步行者vs活塞#  http://t.cn/Ai1WhKpw ​,4432728927289900	,2019-10-29-13,2019-10-29,NBA梦工厂,6081541999	
346,"攻防一体伦纳德30+7+6，快船111-96战胜黄蜂
#nba比赛日#  http://t.cn/Ai1ljALB ​",4432728797456712	,2019-10-29-13,2019-10-29,MUHO幕后篮球,2610020434	
347,一个大叔，不迷美女，却迷这个小伙[害羞]#NBA[超话]# ​,4432728781457697	,2019-10-29-13,2019-10-29,骑尸跑肉,1448059851	
348,nba常规赛，马刺vs开拓者，德里克-怀特21分5篮板3助攻集锦  http://t.cn/Ai1ljP2i ​,4432728734373361	,2019-10-29-13,2019-10-29,艮寅体育,5280136755	
349,霍华德and库克万圣节装扮👏当灭霸穿着拖鞋摘了头套~魔兽来了[允悲]#霍华德 两双##湖人两连胜##nba吐槽大会# ​,4432728696782403	,2019-10-29-13,2019-10-29,体育章鱼哥,3567974090	
350,"#NBA酷图[超话]##范乔丹晃倒富尔茨#
果不其然，真的是乔丹！ ​​​还加一个胯下还加一分 ​",4432728617287349	,2019-10-29-13,2019-10-29,Basketball热点,6883405431	
351,"#nba# 
黄蜂数据：马利克-蒙克15分；科迪-泽勒14分13篮板；特里-罗齐尔17分；PJ-华盛顿11分7篮板；德文特-格雷厄姆14分12助攻；俾斯麦-比永博10分。

快船数据：科怀-伦纳德30分7篮板6助攻；兰德里-沙梅特16分；路易斯-威廉姆斯23分；蒙特雷兹-哈勒尔19分。 ​",4432728612926040	,2019-10-29-13,2019-10-29,空_Nobody,2776898491	
352,#NBA零距离#【罗斯送助攻】罗斯突入禁区，随后回传给外线的队友，肯纳德得球三分飙中！#步行者vs活塞# http://t.cn/Ai1OsEIQ ​,4432728588229850	,2019-10-29-13,2019-10-29,NBA梦工厂,6081541999	
353,#NBA零距离#【海耶斯排球大帽】无情！鹈鹕队海耶斯送给库里一记惊天残暴火锅！#勇士vs鹈鹕#  http://t.cn/Ai1OewMf ​,4432728454135860	,2019-10-29-13,2019-10-29,NBA梦工厂,6081541999	
354,#NBA零距离# 【卡特连续得分】老卡特继续发热！特雷-杨妙传卡特，卡叔底角翻身后仰跳投命中！随后迎着西蒙斯标志性的急停后仰跳投命中。#76人vs老鹰#   http://t.cn/Ai1W2QkP ​,4432728286544293	,2019-10-29-13,2019-10-29,NBA梦工厂,6081541999	
355,"今日NBA球员上脚球鞋精选：

保罗 Jordan CP3.XII
威少Jordan Why Not Zer0.2 “Mummy”
字母哥 Nike Zoom Freak 1
福克斯 Nike Zoom Kobe Venomenon 4
塔克 adidas Pro Model 和 Nike Air Bakin
哈雷尔 李宁全城8和韦德之道7棉花糖
塞弗洛沙 Nike Air Max 90
伦纳德 New Balance OMN1S
德罗赞 Nike Zo ​",4432728273043022	,2019-10-29-13,2019-10-29,只关于篮球,5508233899	
356,"#nba# #热议nba# #nba比赛日# #nba新赛季2019# 

赢球也面无表情

终结者伦纳德砍下30+7+6

帮助快船111:96大胜黄蜂 ​",4432728172359399	,2019-10-29-13,2019-10-29,刘Aboo,6462212313	
357,作为NBA中唯一的非美国本土球队，多伦多猛龙首次打进总决赛，创造了历史，加拿大球迷简直兴奋到上天[鼓掌]...然而当被主持人要求说点“垃圾话”喷一喷对手金州勇士队时，加拿大人还是放不下礼仪之邦的面子，骂人都这么可爱的吗[笑cry][爱你]... http://t.cn/AiCz4nxO ​,4432728122629644	,2019-10-29-13,2019-10-29,觜含樱挑涵菡,7239032292	
358,http://t.cn/Ai1llU5h 雷纳德斩30分助快船 黄蜂洛城背靠背再踢铁板#酷游app下载##九州app下载##bet8下载##NBA# ​,4432728118101524	,2019-10-29-13,2019-10-29,John_健,3137218685	
359,"#吉诺比利球衣退役#【马努致敬深情短片】 江湖从此在无妖刀！一起透过圣城致敬短片，回顾马努为马刺效力16个赛季，给圣安东尼奥带来4座总冠军的伟大时刻，马努在视频感性表示:""我们三个组合(GDP)是最幸运不过的事情，谢谢你，圣安东尼奥。"" 谢谢你马努吉诺比利[心]#NBA吐槽大会#  http://t.cn/EJ1xdu2 ​",4432727929228752	,2019-10-29-13,2019-10-29,NBA小球仙儿,5035303049	
360,#NBA零距离#【英格拉姆暴扣】技惊四座！英格拉姆杀入篮下迎着对手就是一记单手战斧劈扣！还造成了对手犯规！#勇士vs鹈鹕# http://t.cn/Ai1WL6gx ​,4432727929228041	,2019-10-29-13,2019-10-29,NBA梦工厂,6081541999	
361,三分比罚球准很多系列[二哈]小破湖第三节三分10中8！#nba全明星选人结果##NBA吐槽大会# ​,4432727904139262	,2019-10-29-13,2019-10-29,NBA小球仙儿,5035303049	
362,更衣室已经准备就绪#NBA吐槽大会##一日紫金，终身湖人# ​,4432727892274300	,2019-10-29-13,2019-10-29,NBA小球仙儿,5035303049	
363,字母哥14分，雄鹿大胜骑士。#NBA# #NBA吐槽大会#  http://t.cn/Ai1lW1w8 ​,4432727866550419	,2019-10-29-13,2019-10-29,篮球赛事推荐,1480408674	
364,ESPN的最新选秀预测，尼克斯选中状元锡安，而@洛杉矶湖人 将选中第10顺位的罗密欧-兰福德。#NBA吐槽大会# ​,4432727845115997	,2019-10-29-13,2019-10-29,NBA小球仙儿,5035303049	
365,@奥尼尔SHAQ 非常喜欢库兹马并表示他永远不会交易库兹马(如果他是管理层)。#一日紫金，终身湖人##NBA吐槽大会# http://t.cn/Ecl3oX0 ​,4432727824492449	,2019-10-29-13,2019-10-29,NBA小球仙儿,5035303049	
366,MJ & MJ [心]#2019NBA全明星周末# ​,4432727778712778	,2019-10-29-13,2019-10-29,NBA小球仙儿,5035303049	
367,詹姆斯：到了现在这个时候，如果你还让其他的一些原因影响了你打球的方式，那你来错了球队。你应该走上来说，‘听着，我干不下去了。’詹姆斯表示冲击季后赛的压力不应该成为让你分心的东西，应该是你希望的东西。这应该你每场比赛都希望有的动力，你该希望自己在为什么而拼。#NBA吐槽大会# ​,4432727719861119	,2019-10-29-13,2019-10-29,NBA小球仙儿,5035303049	
368,詹姆斯ins祝贺韦德超越乔丹成为历史封盖数最多的后卫#NBA吐槽大会# ​,4432727690185323	,2019-10-29-13,2019-10-29,NBA小球仙儿,5035303049	
369,詹姆斯：我穿23号是因为伟大的迈克尔-乔丹，他现在就在夏洛特，致敬乔丹，致敬黄蜂，我穿23号就是因为他。#詹姆斯谈欧文电话道歉##2019NBA全明星周末# ​,4432727673618083	,2019-10-29-13,2019-10-29,NBA小球仙儿,5035303049	
370,2014年的今天，詹姆斯在对阵夏洛特（黄蜂队，当时还叫山猫）的比赛中砍下了个人以及热火队史最高的61分。#NBA吐槽大会# ​,4432727643796532	,2019-10-29-13,2019-10-29,NBA小球仙儿,5035303049	
371,"#nba# #热议nba# #nba新赛季2019# #nba比赛日# 

nba已开赛一周

无论是欧文的错失绝杀

还是罗斯的重新绽放

让我们一起来回顾这一周的精彩集锦
http://t.cn/Ai1lGOxm ​",4432727614746439	,2019-10-29-13,2019-10-29,刘Aboo,6462212313	
372,#NBA零距离#【英格拉姆上篮】已经砍下27分10篮板！英格拉姆欧洲步上篮打成2+1~#勇士vs鹈鹕#  http://t.cn/Ai1WIN7R ​,4432727392634769	,2019-10-29-13,2019-10-29,NBA梦工厂,6081541999	
373,我围观了@褚明宇 的回答，该问题价值2198.00元，围观仅1元，快来一起围观~ http://t.cn/Aiu7Xz2T ​,4432727367544379	,2019-10-29-13,2019-10-29,小铁匠零,5153800367	
374,ESPN公布第二周球队实力排行榜，湖人第五。 ​​​#NBA新赛季# ​,4432727270935320	,2019-10-29-13,2019-10-29,GoLakersClub,6884010939	
375,#NBA零距离# 【科林斯关键补篮】太刺激了！！76人关键一攻，托比亚斯-哈里斯低位背打强吃取得关键两分！随后特雷-杨进攻造成犯规，第二罚罚篮不中，科林斯人群中杀出命中关键补篮。最后大帝造成犯规两罚命中，随着卡特的绝杀不中，76人惊险过关。#76人vs老鹰##NBA#  http://t.cn/Ai1WxGKh ​,4432727237898723	,2019-10-29-13,2019-10-29,NBA梦工厂,6081541999	
376,#NBA零距离#【字母哥单手暴扣】布莱德索连线字母哥接球单手暴扣虐框！ #骑士vs雄鹿##NBA赛事回顾#  http://t.cn/Ai1WxkiF ​,4432727090250192	,2019-10-29-13,2019-10-29,NBA梦工厂,6081541999	
377,#NBA零距离#【海耶斯空接暴扣】身体素质真好！海耶斯和队友打出精彩配合，他高高跃起空接劈扣虐筐！#勇士vs鹈鹕# http://t.cn/Ai1WiVDV ​,4432726876644496	,2019-10-29-13,2019-10-29,NBA梦工厂,6081541999	
378,#NBA赛事回顾#【@纽约尼克斯 105-98@芝加哥公牛】尼克斯凭借末节波蒂斯关键两记三分，主场逆转战胜公牛，终结三连败拿下赛季首胜。尼克斯队波蒂斯28分11篮板，巴雷特19分15篮板5助攻，兰德尔13分14篮板5助攻；公牛队拉文21分5篮板，小卡特20分10篮板，马尔卡宁18分6篮板。 http://t.cn/Ai1lOSLw ​,4432726867901958	,2019-10-29-13,2019-10-29,NBA,1883881851	
379,哈登22罚球40分，威少准三双，火箭险胜雷霆，保罗15分。#NBA# #NBA吐槽大会#  http://t.cn/Ai1lO6mX ​,4432726834530798	,2019-10-29-13,2019-10-29,梅西说体育,3138296525	
380,"今日球鞋
试问谁能比小狐狸拥有更多的科比球鞋[思考]

#达龙福克斯##nba吐槽大会##科比# ​",4432726612688154	,2019-10-29-13,2019-10-29,达龙福克斯资讯,5857169116	
381,库里26分11助攻，勇士大胜鹈鹕取赛季首胜，英格拉姆27分。上半场结束勇士72-57领先鹈鹕15分。第三节勇士手感持续火热，将分差拉开到29分，比赛失去悬念。最终勇士134-123战胜鹈鹕。#NBA# #NBA吐槽大会#  http://t.cn/Ai1lO2Lz ​,4432726612479851	,2019-10-29-13,2019-10-29,幕木说体育,6674628614	
382,发布了头条文章：《不要得意太早！腾讯复播NBA却留有后手，特殊安排令联盟后怕》  http://t.cn/Ai1lOZVo ​,4432726579238732	,2019-10-29-13,2019-10-29,全球热门NBA,6453825816	
383,"发布了头条文章：《10/30 09:30 NBA 达拉斯独行侠VS丹佛掘金》 

#NBA常规赛#   http://t.cn/Ai1l0gEA ​",4432726461081315	,2019-10-29-13,2019-10-29,恋恋枫报,6703358852	
384,#NBA# 伦纳德30分钟30分7篮板6助攻2抢断3封盖！如何评价小卡本场比赛？#Mix篮球# ​,4432726205374678	,2019-10-29-13,2019-10-29,Mix篮球,2677591423	
385,"追梦说了球队有了NBA level😂️（第一场赛后也挺生气的还说没有虽败犹荣必须改变）
特别说了防挡拆配合不错，这也是库里在第一场比赛赛后说过的防守问题😂️
针对三双表现，为球队注入能量是他乐于做的事情，也很乐意教球队的年轻球员[doge]
其他听不懂了😂️ http://t.cn/Ai1l0iI0 ​",4432726071285697	,2019-10-29-13,2019-10-29,金州小灰机,5621414128	
